Workbook

Sheet Shop Order
A1: Serial Number | B1: Workstation | C1: Process | D1: Qty | E1: Unit Status | F1: Last Updated | G1: Work order | H1: Part number | I1: Priority | J1: Comments | K1: Shipping date | L1: asdas
A2: YK260300123 | B2: NOT-IN-PROCESS | C2: NOT-IN-PROCESS | D2: 1 | E2: Unit Component (60) | F2: 46065.449 | G2: QT17IA14.00 | H2: QTNSN095288A.X03 | I2: =VLOOKUP(G2,Sheet2!A:H,8,0) -> 1
A3: YK260300124 | B3: NOT-IN-PROCESS | C3: NOT-IN-PROCESS | D3: 1 | E3: Unit Component (60) | F3: 46065.45 | G3: QT17IA14.00 | H3: QTNSN095288A.X03 | I3: =VLOOKUP(G3,Sheet2!A:H,8,0) -> 1
A4: YK260300125 | B4: NOT-IN-PROCESS | C4: NOT-IN-PROCESS | D4: 1 | E4: Unit Component (60) | F4: 46071.552 | G4: QT17IA14.00 | H4: QTNSN095288A.X03 | I4: =VLOOKUP(G4,Sheet2!A:H,8,0) -> 1
A5: YK260300126 | B5: NOT-IN-PROCESS | C5: NOT-IN-PROCESS | D5: 1 | E5: Unit Component (60) | F5: 46072.29 | G5: QT17IA14.00 | H5: QTNSN095288A.X03 | I5: =VLOOKUP(G5,Sheet2!A:H,8,0) -> 1
A6: YK260300127 | B6: NOT-IN-PROCESS | C6: NOT-IN-PROCESS | D6: 1 | E6: Unit Component (60) | F6: 46076.37 | G6: QT17IA14.00 | H6: QTNSN095288A.X03 | I6: =VLOOKUP(G6,Sheet2!A:H,8,0) -> 1
A7: YK260300128 | B7: SHIP Shipping | C7: Shipped to Customer | D7: 1 | E7: Shipped (40) | F7: 46112.311 | G7: QT17IA14.00 | H7: QTNSN095288A.X03 | I7: =VLOOKUP(G7,Sheet2!A:H,8,0) -> 1
A8: YK260300129 | B8: NOT-IN-PROCESS | C8: NOT-IN-PROCESS | D8: 1 | E8: Unit Component (60) | F8: 46065.432 | G8: QT17IA14.00 | H8: QTNSN095288A.X03 | I8: =VLOOKUP(G8,Sheet2!A:H,8,0) -> 1
A9: YK260300130 | B9: NOT-IN-PROCESS | C9: NOT-IN-PROCESS | D9: 1 | E9: Unit Component (60) | F9: 46071.282 | G9: QT17IA14.00 | H9: QTNSN095288A.X03 | I9: =VLOOKUP(G9,Sheet2!A:H,8,0) -> 1
A10: YK260300131 | B10: NOT-IN-PROCESS | C10: NOT-IN-PROCESS | D10: 1 | E10: Unit Component (60) | F10: 46076.374 | G10: QT17IA14.00 | H10: QTNSN095288A.X03 | I10: =VLOOKUP(G10,Sheet2!A:H,8,0) -> 1
A11: YK260300132 | B11: NOT-IN-PROCESS | C11: NOT-IN-PROCESS | D11: 1 | E11: Unit Component (60) | F11: 46065.431 | G11: QT17IA14.00 | H11: QTNSN095288A.X03 | I11: =VLOOKUP(G11,Sheet2!A:H,8,0) -> 1
A12: YK260300133 | B12: NOT-IN-PROCESS | C12: NOT-IN-PROCESS | D12: 1 | E12: Unit Component (60) | F12: 46072.486 | G12: QT17IA14.00 | H12: QTNSN095288A.X03 | I12: =VLOOKUP(G12,Sheet2!A:H,8,0) -> 1
A13: YK260300134 | B13: NOT-IN-PROCESS | C13: NOT-IN-PROCESS | D13: 1 | E13: Unit Component (60) | F13: 46065.449 | G13: QT17IA14.00 | H13: QTNSN095288A.X03 | I13: =VLOOKUP(G13,Sheet2!A:H,8,0) -> 1
... A158: YK260900007 | B158: NOT-IN-PROCESS | C158: NOT-IN-PROCESS | D158: 1 | E158: Unit Component (60) | F158: 46150.392 | G158: QT17IA14.20 | H158: QTNSN095289A.X11 | I158: =VLOOKUP(G158,Sheet2!A:H,8,0) -> 7
A159: YK260900008 | B159: SHIP Shipping | C159: Shipped to Customer | D159: 1 | E159: Shipped (40) | F159: 46123.268 | G159: QT17IA14.20 | H159: QTNSN095289A.X11 | I159: =VLOOKUP(G159,Sheet2!A:H,8,0) -> 7 | K159: 46105
A160: YK260900009 | B160: SHIP Shipping | C160: Shipped to Customer | D160: 1 | E160: Shipped (40) | F160: 46123.268 | G160: QT17IA14.20 | H160: QTNSN095289A.X11 | I160: =VLOOKUP(G160,Sheet2!A:H,8,0) -> 7 | K160: 46105
A161: YK260900010 | B161: RWK1 Repair Test | C161: Rework-1 | D161: 1 | E161: In Repair (25) | F161: 46135.342 | G161: QT17IA14.20 | H161: QTNSN095289A.X11 | I161: =VLOOKUP(G161,Sheet2!A:H,8,0) -> 7
A162: YK260900011 | B162: SHIP Shipping | C162: Shipped to Customer | D162: 1 | E162: Shipped (40) | F162: 46123.268 | G162: QT17IA14.20 | H162: QTNSN095289A.X11 | I162: =VLOOKUP(G162,Sheet2!A:H,8,0) -> 7 | K162: 46105
A163: YK260900012 | B163: SHIP Shipping | C163: Shipped to Customer | D163: 1 | E163: Shipped (40) | F163: 46154.373 | G163: QT17IA14.20 | H163: QTNSN095289A.X11 | I163: =VLOOKUP(G163,Sheet2!A:H,8,0) -> 7 | K163: 46156
A164: YK260900013 | B164: NOT-IN-PROCESS | C164: NOT-IN-PROCESS | D164: 1 | E164: Unit Component (60) | F164: 46153.505 | G164: QT17IA14.20 | H164: QTNSN095289A.X11 | I164: =VLOOKUP(G164,Sheet2!A:H,8,0) -> 7
A165: YK260900014 | B165: NOT-IN-PROCESS | C165: NOT-IN-PROCESS | D165: 1 | E165: Unit Component (60) | F165: 46140.311 | G165: QT17IA14.20 | H165: QTNSN095289A.X11 | I165: =VLOOKUP(G165,Sheet2!A:H,8,0) -> 7
A166: YK260900015 | B166: DBG1 Debug Test | C166: Xfr to Debug Test | D166: 1 | E166: In Repair Hold (29) | F166: 46128.38 | G166: QT17IA14.20 | H166: QTNSN095289A.X11 | I166: =VLOOKUP(G166,Sheet2!A:H,8,0) -> 7
A167: YK260900016 | B167: NOT-IN-PROCESS | C167: NOT-IN-PROCESS | D167: 1 | E167: Unit Component (60) | F167: 46146.277 | G167: QT17IA14.20 | H167: QTNSN095289A.X11 | I167: =VLOOKUP(G167,Sheet2!A:H,8,0) -> 7
A168: YK260900017 | B168: CMP1 Complete | C168: Complete | D168: 1 | E168: Finished (30) | F168: 46139.587 | G168: QT17IA14.20 | H168: QTNSN095289A.X11 | I168: =VLOOKUP(G168,Sheet2!A:H,8,0) -> 7
A169: YK260900018 | B169: SHIP Shipping | C169: Shipped to Customer | D169: 1 | E169: Shipped (40) | F169: 46123.268 | G169: QT17IA14.20 | H169: QTNSN095289A.X11 | I169: =VLOOKUP(G169,Sheet2!A:H,8,0) -> 7 | K169: 46097
A170: YK260900019 | B170: RWK3 Repair Test | C170: Rework-3 | D170: 1 | E170: In Repair (25) | F170: 46148.356 | G170: QT17IA14.20 | H170: QTNSN095289A.X11 | I170: =VLOOKUP(G170,Sheet2!A:H,8,0) -> 7
A171: YK260900020 | B171: NOT-IN-PROCESS | C171: NOT-IN-PROCESS | D171: 1 | E171: Unit Component (60) | F171: 46153.435 | G171: QT17IA14.20 | H171: QTNSN095289A.X11 | I171: =VLOOKUP(G171,Sheet2!A:H,8,0) -> 7
A172: YK260900021 | B172: FUN1 Func Test | C172: Functional Test-1 | D172: 1 | E172: On The Line (20) | F172: 46122.381 | G172: QT17IA14.20 | H172: QTNSN095289A.X11 | I172: =VLOOKUP(G172,Sheet2!A:H,8,0) -> 7
A173: YK260900022 | B173: SHIP Shipping | C173: Shipped to Customer | D173: 1 | E173: Shipped (40) | F173: 46174.475 | G173: QT17IA14.20 | H173: QTNSN095289A.X11 | I173: =VLOOKUP(G173,Sheet2!A:H,8,0) -> 7 | K173: 46128
A174: YK260900023 | B174: RWK1 Repair Test | C174: Rework-1 | D174: 1 | E174: In Repair (25) | F174: 46134.411 | G174: QT17IA14.20 | H174: QTNSN095289A.X11 | I174: =VLOOKUP(G174,Sheet2!A:H,8,0) -> 7
A175: YK260900024 | B175: CMP1 Complete | C175: Complete | D175: 1 | E175: Finished (30) | F175: 46128.361 | G175: QT17IA14.20 | H175: QTNSN095289A.X11 | I175: =VLOOKUP(G175,Sheet2!A:H,8,0) -> 7
A176: YK260900025 | B176: CMP1 Complete | C176: Complete | D176: 1 | E176: Finished (30) | F176: 46135.443 | G176: QT17IA14.20 | H176: QTNSN095289A.X11 | I176: =VLOOKUP(G176,Sheet2!A:H,8,0) -> 7
A177: YK260900026 | B177: RWK1 Repair Test | C177: Rework-1 | D177: 1 | E177: In Repair (25) | F177: 46134.363 | G177: QT17IA14.20 | H177: QTNSN095289A.X11 | I177: =VLOOKUP(G177,Sheet2!A:H,8,0) -> 7
A178: YK260900027 | B178: FUN1 Func Test | C178: Functional Test-1 | D178: 1 | E178: On The Line (20) | F178: 46122.382 | G178: QT17IA14.20 | H178: QTNSN095289A.X11 | I178: =VLOOKUP(G178,Sheet2!A:H,8,0) -> 7
A179: YK260900028 | B179: CMP1 Complete | C179: Complete | D179: 1 | E179: Finished (30) | F179: 46134.597 | G179: QT17IA14.20 | H179: QTNSN095289A.X11 | I179: =VLOOKUP(G179,Sheet2!A:H,8,0) -> 7
A180: YK260900029 | B180: SHIP Shipping | C180: Shipped to Customer | D180: 1 | E180: Shipped (40) | F180: 46123.268 | G180: QT17IA14.20 | H180: QTNSN095289A.X11 | I180: =VLOOKUP(G180,Sheet2!A:H,8,0) -> 7 | K180: 46097
A181: YK260900030 | B181: SHIP Shipping | C181: Shipped to Customer | D181: 1 | E181: Shipped (40) | F181: 46123.268 | G181: QT17IA14.20 | H181: QTNSN095289A.X11 | I181: =VLOOKUP(G181,Sheet2!A:H,8,0) -> 7 | K181: 46105
A182: YK260900031 | B182: SHIP Shipping | C182: Shipped to Customer | D182: 1 | E182: Shipped (40) | F182: 46123.268 | G182: QT17IA14.20 | H182: QTNSN095289A.X11 | I182: =VLOOKUP(G182,Sheet2!A:H,8,0) -> 7 | K182: 46112
A183: YK260900032 | B183: FUN1 Func Test | C183: Functional Test-1 | D183: 1 | E183: On The Line (20) | F183: 46115.654 | G183: QT17IA14.20 | H183: QTNSN095289A.X11 | I183: =VLOOKUP(G183,Sheet2!A:H,8,0) -> 7
A184: YK260900033 | B184: DBG1 Debug Test | C184: Xfr to Debug Test | D184: 1 | E184: In Repair Hold (29) | F184: 46128.399 | G184: QT17IA14.20 | H184: QTNSN095289A.X11 | I184: =VLOOKUP(G184,Sheet2!A:H,8,0) -> 7
A185: YK260900034 | B185: SHIP Shipping | C185: Shipped to Customer | D185: 1 | E185: Shipped (40) | F185: 46123.268 | G185: QT17IA14.20 | H185: QTNSN095289A.X11 | I185: =VLOOKUP(G185,Sheet2!A:H,8,0) -> 7 | K185: 46105
A186: YK260900035 | B186: DBG1 Debug Test | C186: Xfr to Debug Test | D186: 1 | E186: In Repair Hold (29) | F186: 46128.573 | G186: QT17IA14.20 | H186: QTNSN095289A.X11 | I186: =VLOOKUP(G186,Sheet2!A:H,8,0) -> 7
A187: YK260900036 | B187: RWK3 Repair Test | C187: Rework-3 | D187: 1 | E187: In Repair (25) | F187: 46148.37 | G187: QT17IA14.20 | H187: QTNSN095289A.X11 | I187: =VLOOKUP(G187,Sheet2!A:H,8,0) -> 7
A188: YK260900037 | B188: FUN1 Func Test | C188: Functional Test-1 | D188: 1 | E188: On The Line (20) | F188: 46115.605 | G188: QT17IA14.20 | H188: QTNSN095289A.X11 | I188: =VLOOKUP(G188,Sheet2!A:H,8,0) -> 7
A189: YK260900075 | B189: SHIP Shipping | C189: Shipped to Customer | D189: 1 | E189: Shipped (40) | F189: 46123.268 | G189: QT17IA14.21 | H189: QTNSN095289A.X11 | I189: =VLOOKUP(G189,Sheet2!A:H,8,0) -> 8 | K189: 46097
A190: YK260900076 | B190: NOT-IN-PROCESS | C190: NOT-IN-PROCESS | D190: 1 | E190: Unit Component (60) | F190: 46140.311 | G190: QT17IA14.21 | H190: QTNSN095289A.X11 | I190: =VLOOKUP(G190,Sheet2!A:H,8,0) -> 8
A191: YK260900077 | B191: SHIP Shipping | C191: Shipped to Customer | D191: 1 | E191: Shipped (40) | F191: 46141.297 | G191: QT17IA14.21 | H191: QTNSN095289A.X11 | I191: =VLOOKUP(G191,Sheet2!A:H,8,0) -> 8
A192: YK260900078 | B192: SHIP Shipping | C192: Shipped to Customer | D192: 1 | E192: Shipped (40) | F192: 46141.305 | G192: QT17IA14.21 | H192: QTNSN095289A.X11 | I192: =VLOOKUP(G192,Sheet2!A:H,8,0) -> 8
A193: YK260900079 | B193: SHIP Shipping | C193: Shipped to Customer | D193: 1 | E193: Shipped (40) | F193: 46141.306 | G193: QT17IA14.21 | H193: QTNSN095289A.X11 | I193: =VLOOKUP(G193,Sheet2!A:H,8,0) -> 8
A194: YK260900080 | B194: NOT-IN-PROCESS | C194: NOT-IN-PROCESS | D194: 1 | E194: Unit Component (60) | F194: 46154.266 | G194: QT17IA14.21 | H194: QTNSN095289A.X11 | I194: =VLOOKUP(G194,Sheet2!A:H,8,0) -> 8
A195: YK260900081 | B195: NOT-IN-PROCESS | C195: NOT-IN-PROCESS | D195: 1 | E195: Unit Component (60) | F195: 46154.266 | G195: QT17IA14.21 | H195: QTNSN095289A.X11 | I195: =VLOOKUP(G195,Sheet2!A:H,8,0) -> 8
A196: YK260900082 | B196: FUN1 Func Test | C196: Functional Test-1 | D196: 1 | E196: On The Line (20) | F196: 46122.383 | G196: QT17IA14.21 | H196: QTNSN095289A.X11 | I196: =VLOOKUP(G196,Sheet2!A:H,8,0) -> 8
A197: YK260900083 | B197: SHIP Shipping | C197: Shipped to Customer | D197: 1 | E197: Shipped (40) | F197: 46141.309 | G197: QT17IA14.21 | H197: QTNSN095289A.X11 | I197: =VLOOKUP(G197,Sheet2!A:H,8,0) -> 8
A198: YK260900084 | B198: SHIP Shipping | C198: Shipped to Customer | D198: 1 | E198: Shipped (40) | F198: 46123.268 | G198: QT17IA14.21 | H198: QTNSN095289A.X11 | I198: =VLOOKUP(G198,Sheet2!A:H,8,0) -> 8 | K198: 46112
A199: YK260900085 | B199: NOT-IN-PROCESS | C199: NOT-IN-PROCESS | D199: 1 | E199: Unit Component (60) | F199: 46154.404 | G199: QT17IA14.21 | H199: QTNSN095289A.X11 | I199: =VLOOKUP(G199,Sheet2!A:H,8,0) -> 8
A200: YK260900086 | B200: NOT-IN-PROCESS | C200: NOT-IN-PROCESS | D200: 1 | E200: Unit Component (60) | F200: 46150.391 | G200: QT17IA14.21 | H200: QTNSN095289A.X11 | I200: =VLOOKUP(G200,Sheet2!A:H,8,0) -> 8
A201: YK260900087 | B201: NOT-IN-PROCESS | C201: NOT-IN-PROCESS | D201: 1 | E201: Unit Component (60) | F201: 46146.277 | G201: QT17IA14.21 | H201: QTNSN095289A.X11 | I201: =VLOOKUP(G201,Sheet2!A:H,8,0) -> 8
A202: YK260900088 | B202: SHIP Shipping | C202: Shipped to Customer | D202: 1 | E202: Shipped (40) | F202: 46123.268 | G202: QT17IA14.21 | H202: QTNSN095289A.X11 | I202: =VLOOKUP(G202,Sheet2!A:H,8,0) -> 8 | K202: 46112
A203: YK260900089 | B203: DBG1 Debug Test | C203: Xfr to Debug Test | D203: 1 | E203: In Repair Hold (29) | F203: 46128.371 | G203: QT17IA14.21 | H203: QTNSN095289A.X11 | I203: =VLOOKUP(G203,Sheet2!A:H,8,0) -> 8
A204: YK260900090 | B204: NOT-IN-PROCESS | C204: NOT-IN-PROCESS | D204: 1 | E204: Unit Component (60) | F204: 46147.394 | G204: QT17IA14.21 | H204: QTNSN095289A.X11 | I204: =VLOOKUP(G204,Sheet2!A:H,8,0) -> 8
A205: YK260900091 | B205: DBG1 Debug Test | C205: Xfr to Debug Test | D205: 1 | E205: In Repair Hold (29) | F205: 46157.514 | G205: QT17IA14.21 | H205: QTNSN095289A.X11 | I205: =VLOOKUP(G205,Sheet2!A:H,8,0) -> 8
A206: YK260900092 | B206: DBG1 Debug Test | C206: Xfr to Debug Test | D206: 1 | E206: In Repair Hold (29) | F206: 46156.504 | G206: QT17IA14.21 | H206: QTNSN095289A.X11 | I206: =VLOOKUP(G206,Sheet2!A:H,8,0) -> 8
A207: YK260900093 | B207: NOT-IN-PROCESS | C207: NOT-IN-PROCESS | D207: 1 | E207: Unit Component (60) | F207: 46153.505 | G207: QT17IA14.21 | H207: QTNSN095289A.X11 | I207: =VLOOKUP(G207,Sheet2!A:H,8,0) -> 8
A208: YK260900094 | B208: NOT-IN-PROCESS | C208: NOT-IN-PROCESS | D208: 1 | E208: Unit Component (60) | F208: 46150.467 | G208: QT17IA14.21 | H208: QTNSN095289A.X11 | I208: =VLOOKUP(G208,Sheet2!A:H,8,0) -> 8
A209: YK260900095 | B209: NOT-IN-PROCESS | C209: NOT-IN-PROCESS | D209: 1 | E209: Unit Component (60) | F209: 46140.31 | G209: QT17IA14.21 | H209: QTNSN095289A.X11 | I209: =VLOOKUP(G209,Sheet2!A:H,8,0) -> 8
A210: YK260900096 | B210: NOT-IN-PROCESS | C210: NOT-IN-PROCESS | D210: 1 | E210: Unit Component (60) | F210: 46153.505 | G210: QT17IA14.21 | H210: QTNSN095289A.X11 | I210: =VLOOKUP(G210,Sheet2!A:H,8,0) -> 8
A211: YK260900097 | B211: NOT-IN-PROCESS | C211: NOT-IN-PROCESS | D211: 1 | E211: Unit Component (60) | F211: 46154.405 | G211: QT17IA14.21 | H211: QTNSN095289A.X11 | I211: =VLOOKUP(G211,Sheet2!A:H,8,0) -> 8
A212: YK260900098 | B212: NOT-IN-PROCESS | C212: NOT-IN-PROCESS | D212: 1 | E212: Unit Component (60) | F212: 46154.266 | G212: QT17IA14.21 | H212: QTNSN095289A.X11 | I212: =VLOOKUP(G212,Sheet2!A:H,8,0) -> 8
A213: YK260900099 | B213: SHIP Shipping | C213: Shipped to Customer | D213: 1 | E213: Shipped (40) | F213: 46123.268 | G213: QT17IA14.21 | H213: QTNSN095289A.X11 | I213: =VLOOKUP(G213,Sheet2!A:H,8,0) -> 8 | K213: 46097
A214: YK260900100 | B214: SHIP Shipping | C214: Shipped to Customer | D214: 1 | E214: Shipped (40) | F214: 46123.268 | G214: QT17IA14.21 | H214: QTNSN095289A.X11 | I214: =VLOOKUP(G214,Sheet2!A:H,8,0) -> 8 | K214: 46112
A215: YK260900101 | B215: NOT-IN-PROCESS | C215: NOT-IN-PROCESS | D215: 1 | E215: Unit Component (60) | F215: 46157.435 | G215: QT17IA14.21 | H215: QTNSN095289A.X11 | I215: =VLOOKUP(G215,Sheet2!A:H,8,0) -> 8
A216: YK260900102 | B216: NOT-IN-PROCESS | C216: NOT-IN-PROCESS | D216: 1 | E216: Unit Component (60) | F216: 46149.56 | G216: QT17IA14.21 | H216: QTNSN095289A.X11 | I216: =VLOOKUP(G216,Sheet2!A:H,8,0) -> 8
A217: YK260900103 | B217: NOT-IN-PROCESS | C217: NOT-IN-PROCESS | D217: 1 | E217: Unit Component (60) | F217: 46140.311 | G217: QT17IA14.21 | H217: QTNSN095289A.X11 | I217: =VLOOKUP(G217,Sheet2!A:H,8,0) -> 8
A218: YK260900104 | B218: SHIP Shipping | C218: Shipped to Customer | D218: 1 | E218: Shipped (40) | F218: 46174.476 | G218: QT17IA14.21 | H218: QTNSN095289A.X11 | I218: =VLOOKUP(G218,Sheet2!A:H,8,0) -> 8 | K218: 46128
A219: YK260900105 | B219: NOT-IN-PROCESS | C219: NOT-IN-PROCESS | D219: 1 | E219: Unit Component (60) | F219: 46150.392 | G219: QT17IA14.21 | H219: QTNSN095289A.X11 | I219: =VLOOKUP(G219,Sheet2!A:H,8,0) -> 8
A220: YK260900106 | B220: FUN1 Func Test | C220: Functional Test-1 | D220: 1 | E220: On The Line (20) | F220: 46122.371 | G220: QT17IA14.21 | H220: QTNSN095289A.X11 | I220: =VLOOKUP(G220,Sheet2!A:H,8,0) -> 8
A221: YK260900107 | B221: NOT-IN-PROCESS | C221: NOT-IN-PROCESS | D221: 1 | E221: Unit Component (60) | F221: 46154.265 | G221: QT17IA14.21 | H221: QTNSN095289A.X11 | I221: =VLOOKUP(G221,Sheet2!A:H,8,0) -> 8
A222: YK260900108 | B222: NOT-IN-PROCESS | C222: NOT-IN-PROCESS | D222: 1 | E222: Unit Component (60) | F222: 46153.505 | G222: QT17IA14.21 | H222: QTNSN095289A.X11 | I222: =VLOOKUP(G222,Sheet2!A:H,8,0) -> 8
A223: YK260900109 | B223: DBG1 Debug Test | C223: Xfr to Debug Test | D223: 1 | E223: In Repair Hold (29) | F223: 46128.368 | G223: QT17IA14.21 | H223: QTNSN095289A.X11 | I223: =VLOOKUP(G223,Sheet2!A:H,8,0) -> 8
A224: YK260900110 | B224: FUN1 Func Test | C224: Functional Test-1 | D224: 1 | E224: On The Line (20) | F224: 46122.371 | G224: QT17IA14.21 | H224: QTNSN095289A.X11 | I224: =VLOOKUP(G224,Sheet2!A:H,8,0) -> 8
A225: YK260900111 | B225: NOT-IN-PROCESS | C225: NOT-IN-PROCESS | D225: 1 | E225: Unit Component (60) | F225: 46146.276 | G225: QT17IA14.21 | H225: QTNSN095289A.X11 | I225: =VLOOKUP(G225,Sheet2!A:H,8,0) -> 8
A226: YK260900038 | B226: NOT-IN-PROCESS | C226: NOT-IN-PROCESS | D226: 1 | E226: Unit Component (60) | F226: 46150.323 | G226: QT17IA14.30 | H226: QTNSN095288A.X11 | I226: =VLOOKUP(G226,Sheet2!A:H,8,0) -> 5
A227: YK260900039 | B227: CMP1 Complete | C227: Complete | D227: 1 | E227: Finished (30) | F227: 46154.302 | G227: QT17IA14.30 | H227: QTNSN095288A.X11 | I227: =VLOOKUP(G227,Sheet2!A:H,8,0) -> 5
A228: YK260900040 | B228: CMP1 Complete | C228: Complete | D228: 1 | E228: Finished (30) | F228: 46150.33 | G228: QT17IA14.30 | H228: QTNSN095288A.X11 | I228: =VLOOKUP(G228,Sheet2!A:H,8,0) -> 5
A229: YK260900041 | B229: NOT-IN-PROCESS | C229: NOT-IN-PROCESS | D229: 1 | E229: Unit Component (60) | F229: 46146.276 | G229: QT17IA14.30 | H229: QTNSN095288A.X11 | I229: =VLOOKUP(G229,Sheet2!A:H,8,0) -> 5
A230: YK260900042 | B230: CMP1 Complete | C230: Complete | D230: 1 | E230: Finished (30) | F230: 46125.598 | G230: QT17IA14.30 | H230: QTNSN095288A.X11 | I230: =VLOOKUP(G230,Sheet2!A:H,8,0) -> 5
... A237: YK260900049 | B237: NOT-IN-PROCESS | C237: NOT-IN-PROCESS | D237: 1 | E237: Unit Component (60) | F237: 46149.367 | G237: QT17IA14.30 | H237: QTNSN095288A.X11 | I237: =VLOOKUP(G237,Sheet2!A:H,8,0) -> 5
A238: YK260900050 | B238: SHIP Shipping | C238: Shipped to Customer | D238: 1 | E238: Shipped (40) | F238: 46123.268 | G238: QT17IA14.30 | H238: QTNSN095288A.X11 | I238: =VLOOKUP(G238,Sheet2!A:H,8,0) -> 5 | K238: 46097
A239: YK260900051 | B239: NOT-IN-PROCESS | C239: NOT-IN-PROCESS | D239: 1 | E239: Unit Component (60) | F239: 46154.405 | G239: QT17IA14.30 | H239: QTNSN095288A.X11 | I239: =VLOOKUP(G239,Sheet2!A:H,8,0) -> 5
A240: YK260900052 | B240: SHIP Shipping | C240: Shipped to Customer | D240: 1 | E240: Shipped (40) | F240: 46123.268 | G240: QT17IA14.30 | H240: QTNSN095288A.X11 | I240: =VLOOKUP(G240,Sheet2!A:H,8,0) -> 5 | K240: 46097
A241: YK260900053 | B241: SHIP Shipping | C241: Shipped to Customer | D241: 1 | E241: Shipped (40) | F241: 46123.268 | G241: QT17IA14.30 | H241: QTNSN095288A.X11 | I241: =VLOOKUP(G241,Sheet2!A:H,8,0) -> 5 | K241: 46097
A242: YK260900054 | B242: SHIP Shipping | C242: Shipped to Customer | D242: 1 | E242: Shipped (40) | F242: 46169.57 | G242: QT17IA14.30 | H242: QTNSN095288A.X11 | I242: =VLOOKUP(G242,Sheet2!A:H,8,0) -> 5 | K242: 46169
A243: YK260900055 | B243: CMP1 Complete | C243: Complete | D243: 1 | E243: Finished (30) | F243: 46146.477 | G243: QT17IA14.30 | H243: QTNSN095288A.X11 | I243: =VLOOKUP(G243,Sheet2!A:H,8,0) -> 5
A244: YK260900056 | B244: NOT-IN-PROCESS | C244: NOT-IN-PROCESS | D244: 1 | E244: Unit Component (60) | F244: 46149.559 | G244: QT17IA14.30 | H244: QTNSN095288A.X11 | I244: =VLOOKUP(G244,Sheet2!A:H,8,0) -> 5
A245: YK260900057 | B245: CMP1 Complete | C245: Complete | D245: 1 | E245: Finished (30) | F245: 46123.516 | G245: QT17IA14.30 | H245: QTNSN095288A.X11 | I245: =VLOOKUP(G245,Sheet2!A:H,8,0) -> 5
A246: YK260900058 | B246: CMP1 Complete | C246: Complete | D246: 1 | E246: Finished (30) | F246: 46123.463 | G246: QT17IA14.30 | H246: QTNSN095288A.X11 | I246: =VLOOKUP(G246,Sheet2!A:H,8,0) -> 5
A247: YK260900059 | B247: NOT-IN-PROCESS | C247: NOT-IN-PROCESS | D247: 1 | E247: Unit Component (60) | F247: 46150.467 | G247: QT17IA14.30 | H247: QTNSN095288A.X11 | I247: =VLOOKUP(G247,Sheet2!A:H,8,0) -> 5
A248: YK260900060 | B248: CMP1 Complete | C248: Complete | D248: 1 | E248: Finished (30) | F248: 46123.459 | G248: QT17IA14.30 | H248: QTNSN095288A.X11 | I248: =VLOOKUP(G248,Sheet2!A:H,8,0) -> 5
A249: YK260900061 | B249: NOT-IN-PROCESS | C249: NOT-IN-PROCESS | D249: 1 | E249: Unit Component (60) | F249: 46147.394 | G249: QT17IA14.30 | H249: QTNSN095288A.X11 | I249: =VLOOKUP(G249,Sheet2!A:H,8,0) -> 5
A250: YK260900062 | B250: SHIP Shipping | C250: Shipped to Customer | D250: 1 | E250: Shipped (40) | F250: 46123.268 | G250: QT17IA14.30 | H250: QTNSN095288A.X11 | I250: =VLOOKUP(G250,Sheet2!A:H,8,0) -> 5 | K250: 46097
...

Sheet Sheet1
A1: Serial Number | B1: Workstation | C1: Process | D1: Qty | E1: Unit Status | F1: Last Updated | G1: Work order | H1: Part number | I1: Priority | J1: Comments | K1: Shipping date | L1: asdas
A2: YK261802241 | B2: DBG1 Debug Test | C2: Xfr to Debug Test | D2: 1 | E2: In Repair Hold (29) | F2: 46171.489 | G2: QT17IA15.90 | H2: QTNSN095288A.X12 | I2: 17
A3: YK261802219 | B3: DBG1 Debug Test | C3: Xfr to Debug Test | D3: 1 | E3: In Repair Hold (29) | F3: 46178.332 | G3: QT17IA15.90 | H3: QTNSN095288A.X12 | I3: 17
A4: YK261802205 | B4: DBG1 Debug Test | C4: Xfr to Debug Test | D4: 1 | E4: In Repair Hold (29) | F4: 46168.377 | G4: QT17IA15.90 | H4: QTNSN095288A.X12 | I4: 17

Sheet Sheet3
A1: Serial Number | B1: Workstation | C1: Process | D1: Qty | E1: Unit Status | F1: Last Updated | G1: Work order | H1: Part number | I1: Priority | J1: Comments | K1: Shipping date | L1: asdas
A2: YK261802241 | B2: DBG1 Debug Test | C2: Xfr to Debug Test | D2: 1 | E2: In Repair Hold (29) | F2: 46171.489 | G2: QT17IA15.90 | H2: QTNSN095288A.X12 | I2: 17
A3: YK261802219 | B3: DBG1 Debug Test | C3: Xfr to Debug Test | D3: 1 | E3: In Repair Hold (29) | F3: 46178.332 | G3: QT17IA15.90 | H3: QTNSN095288A.X12 | I3: 17
A4: YK261802205 | B4: DBG1 Debug Test | C4: Xfr to Debug Test | D4: 1 | E4: In Repair Hold (29) | F4: 46168.377 | G4: QT17IA15.90 | H4: QTNSN095288A.X12 | I4: 17

Sheet Summary
A1: Row Labels | B1: Work order | C1: Part number | D1: Process | E1: Unit Status | F1: Count of Qty
A2: 1 | B2: QT17IA14.00 | C2: QTNSN095288A.X03 | D2: NOT-IN-PROCESS | E2: Unit Component (60) | F2: 64 | I2: =MID(B2,3,21) -> 17IA14.00
D3: Shipped to Customer | E3: Shipped (40) | F3: 6 | I3: =MID(B3,3,21)
A4: 2 | B4: QT17IA14.10 | C4: QTNSN095289A.X03 | D4: NOT-IN-PROCESS | E4: Unit Component (60) | F4: 64 | I4: =MID(B4,3,21) -> 17IA14.10
D5: Shipped to Customer | E5: Shipped (40) | F5: 16 | I5: =MID(B5,3,21)
A6: 3 | B6: QT17IA23.00 | C6: QTNSN095266A.X02 | D6: NOT-IN-PROCESS | E6: Unit Component (60) | F6: 11 | I6: =MID(B6,3,21) -> 17IA23.00
D7: Shipped to Customer | E7: Shipped (40) | F7: 14 | I7: =MID(B7,3,21)
A8: 4 | B8: QT17IA43.00 | C8: QTNSN476757A.X02 | D8: Shipped to Customer | E8: Shipped (40) | F8: 20 | I8: =MID(B8,3,21) -> 17IA43.00
A9: 5 | B9: QT17IA14.30 | C9: QTNSN095288A.X11 | D9: Complete | E9: Finished (30) | F9: 13 | I9: =MID(B9,3,21) -> 17IA14.30
D10: Functional Test-1 | E10: On The Line (20) | F10: 2 | I10: =MID(B10,3,21)
D11: NOT-IN-PROCESS | E11: Unit Component (60) | F11: 11 | I11: =MID(B11,3,21)
D12: Shipped to Customer | E12: Shipped (40) | F12: 8 | I12: =MID(B12,3,21)
D13: UNTT | E13: On The Line (20) | F13: 1 | I13: =MID(B13,3,21)
D14: Rework-1 | E14: In Repair (25) | F14: 2 | I14: =MID(B14,3,21)
A15: 6 | B15: QT17IA14.31 | C15: QTNSN095288A.X11 | D15: Complete | E15: Finished (30) | F15: 12 | I15: =MID(B15,3,21) -> 17IA14.31
D16: Functional Test-1 | E16: On The Line (20) | F16: 1 | I16: =MID(B16,3,21)
D17: NOT-IN-PROCESS | E17: Unit Component (60) | F17: 12 | I17: =MID(B17,3,21)
D18: Shipped to Customer | E18: Shipped (40) | F18: 8 | I18: =MID(B18,3,21)
D19: Xfr to Debug Test | E19: In Repair Hold (29) | F19: 1 | I19: =MID(B19,3,21)
D20: Rework-1 | E20: In Repair (25) | F20: 1 | I20: =MID(B20,3,21)
D21: Rework-3 | E21: In Repair (25) | F21: 2 | I21: =MID(B21,3,21)
A22: 7 | B22: QT17IA14.20 | C22: QTNSN095289A.X11 | D22: Complete | E22: Finished (30) | F22: 4 | I22: =MID(B22,3,21) -> 17IA14.20
D23: Functional Test-1 | E23: On The Line (20) | F23: 5 | I23: =MID(B23,3,21)
D24: NOT-IN-PROCESS | E24: Unit Component (60) | F24: 8 | I24: =MID(B24,3,21)
D25: Shipped to Customer | E25: Shipped (40) | F25: 10 | I25: =MID(B25,3,21)
D26: Xfr to Debug Test | E26: In Repair Hold (29) | F26: 4 | I26: =MID(B26,3,21)
D27: Rework-1 | E27: In Repair (25) | F27: 3 | I27: =MID(B27,3,21)
D28: Rework-3 | E28: In Repair (25) | F28: 3 | I28: =MID(B28,3,21)
A29: 8 | B29: QT17IA14.21 | C29: QTNSN095289A.X11 | D29: Functional Test-1 | E29: On The Line (20) | F29: 3 | I29: =MID(B29,3,21) -> 17IA14.21
D30: NOT-IN-PROCESS | E30: Unit Component (60) | F30: 20 | I30: =MID(B30,3,21)
D31: Shipped to Customer | E31: Shipped (40) | F31: 10 | I31: =MID(B31,3,21)
D32: Xfr to Debug Test | E32: In Repair Hold (29) | F32: 4 | I32: =MID(B32,3,21)
A33: 9 | B33: QT17IA24.00 | C33: QTNSN095266A.X11 | D33: NOT-IN-PROCESS | E33: Unit Component (60) | F33: 15 | I33: =MID(B33,3,21) -> 17IA24.00
D34: Shipped to Customer | E34: Shipped (40) | F34: 14 | I34: =MID(B34,3,21)
A35: 10 | B35: QT17IA44.00 | C35: QTNSN476757A.X11 | D35: Shipped to Customer | E35: Shipped (40) | F35: 11 | I35: =MID(B35,3,21) -> 17IA44.00
D36: Packout | E36: On The Line (20) | F36: 4 | I36: =MID(B36,3,21)
A37: 11 | B37: QT17IA14.50 | C37: QTNSN095288A.X11 | D37: Complete | E37: Finished (30) | F37: 29 | I37: =MID(B37,3,21) -> 17IA14.50
D38: Functional Test-1 | E38: On The Line (20) | F38: 46 | I38: =MID(B38,3,21)
D39: NOT-IN-PROCESS | E39: Unit Component (60) | F39: 37 | I39: =MID(B39,3,21)
D40: Shipped to Customer | E40: Shipped (40) | F40: 9 | I40: =MID(B40,3,21)
D41: Xfr to Debug Test | E41: In Repair Hold (29) | F41: 7 | I41: =MID(B41,3,21)
D42: Rework-1 | E42: In Repair (25) | F42: 1 | I42: =MID(B42,3,21)
D43: PBA Inspection | E43: On The Line (20) | F43: 1 | I43: =MID(B43,3,21)
D44: RWK Paired Brd Insp | E44: In Repair Hold (29) | F44: 1 | I44: =MID(B44,3,21)
D45: Rework-3 | E45: In Repair (25) | F45: 1 | I45: =MID(B45,3,21)
A46: 12 | B46: QT17IA14.40 | C46: QTNSN095289A.X11 | D46: Complete | E46: Finished (30) | F46: 16 | I46: =MID(B46,3,21) -> 17IA14.40
D47: Functional Test-1 | E47: On The Line (20) | F47: 47 | I47: =MID(B47,3,21)
D48: NOT-IN-PROCESS | E48: Unit Component (60) | F48: 32 | I48: =MID(B48,3,21)
D49: Shipped to Customer | E49: Shipped (40) | F49: 1 | I49: =MID(B49,3,21)
D50: Assembly 1 - 1B | E50: On The Line Hold (28) | F50: 1 | I50: =MID(B50,3,21)
D51: Xfr to Debug Test | E51: In Repair Hold (29) | F51: 4 | I51: =MID(B51,3,21)
D52: Rework-2 | E52: In Repair (25) | F52: 31 | I52: =MID(B52,3,21)
A53: 13 | B53: QT17IA24.10 | C53: QTNSN095266A.X12 | D53: Complete | E53: Finished (30) | F53: 6 | I53: =MID(B53,3,21) -> 17IA24.10
D54: Functional Test-1 | E54: On The Line (20) | F54: 3 | I54: =MID(B54,3,21)
D55: NOT-IN-PROCESS | E55: Unit Component (60) | F55: 24 | I55: =MID(B55,3,21)
D56: Xfr to Debug Test | E56: In Repair Hold (29) | F56: 7 | I56: =MID(B56,3,21)
D57: Rework-1 | E57: In Repair (25) | F57: 1 | I57: =MID(B57,3,21)
A58: 14 | B58: QT17IA44.10 | C58: QTNSN476757A.X12 | D58: NOT-IN-PROCESS | E58: Traveler Printed (15) | F58: 15 | I58: =MID(B58,3,21) -> 17IA44.10
D59: Shipped to Customer | E59: Shipped (40) | F59: 7 | I59: =MID(B59,3,21)
D60: UNTT | E60: On The Line (20) | F60: 1 | I60: =MID(B60,3,21)
D61: Packout | E61: On The Line (20) | F61: 1 | I61: =MID(B61,3,21) | K61: YK262101094- India Shipment- Waiting on Greenlight
D62: Inspection 1 | E62: On The Line (20) | F62: 2 | I62: =MID(B62,3,21) | K62: YK262101096- Finland Unit - In Shipping
D63: Debug Test-1 | E63: In Repair (25) | F63: 4 | I63: =MID(B63,3,21)
A64: 17 | B64: QT17IA15.90 | C64: QTNSN095288A.X12 | D64: NOT-IN-PROCESS | E64: Unit Component (60) | F64: 45 | I64: =MID(B64,3,21) -> 17IA15.90
D65: Shipped to Customer | E65: Shipped (40) | F65: 14 | I65: =MID(B65,3,21)
D66: Xfr to Debug Test | E66: In Repair Hold (29) | F66: 3 | I66: =MID(B66,3,21)
A67: 18 | B67: QT17IA15.80 | C67: QTNSN095289A.X12 | D67: NOT-IN-PROCESS | E67: Unit Component (60) | F67: 44 | I67: =MID(B67,3,21) -> 17IA15.80
D68: Shipped to Customer | E68: Shipped (40) | F68: 18 | I68: =MID(B68,3,21)
A69: 19 | B69: QT19BA11.00 | C69: QTNSN095290A.X02 | D69: Shipped to Customer | E69: Shipped (40) | F69: 14 | G69: Nokia Swap- Invoice one board | I69: =MID(B69,3,21) -> 19BA11.00
A70: 20 | B70: QT19BA11.10 | C70: QTNSN095291A.X02 | D70: Shipped to Customer | E70: Shipped (40) | F70: 14 | G70: Nokia Swap- Invoice one board | I70: =MID(B70,3,21) -> 19BA11.10
A71: 21 | B71: QT20LA21.00 | C71: QTNSN095286A.X02 | D71: Functional Test-1 | E71: On The Line (20) | F71: 8 | I71: =MID(B71,3,21) -> 20LA21.00
D72: Shipped to Customer | E72: Shipped (40) | F72: 2 | G72: Test on hold | I72: =MID(B72,3,21)
A73: 22 | B73: QT17IA25.30 | C73: QTNSN095266A.X12 | D73: Assembly 1 - 1B | E73: On The Line (20) | F73: 1 | I73: =MID(B73,3,21) -> 17IA25.30
D74: 5DX | E74: On The Line (20) | F74: 26 | I74: =MID(B74,3,21)
D75: AOI | E75: On The Line (20) | F75: 17 | I75: =MID(B75,3,21)
D76: AOR2 AOI Repair S2 | E76: In Repair (25) | F76: 3 | I76: =MID(B76,3,21)
A77: 23 | B77: QT17IA15.60 | C77: QTNSN095289A.X12 | D77: NOT-IN-PROCESS | E77: Traveler Printed (15) | F77: 120 | G77: 68 Boards to be built | I77: =MID(B77,3,21) -> 17IA15.60
D78: AOI Inspect | E78: On The Line (20) | F78: 26 | I78: =MID(B78,3,21)
D79: AOR1 AOI Repair S1 | E79: In Repair (25) | F79: 1 | I79: =MID(B79,3,21)
D80: 5DX | E80: On The Line (20) | F80: 38 | I80: =MID(B80,3,21)
D81: Inspect SMT1 | E81: On The Line (20) | F81: 3 | I81: =MID(B81,3,21)
A82: 24 | B82: QT17IA15.70 | C82: QTNSN095288A.X12 | D82: NOT-IN-PROCESS | E82: Traveler Printed (15) | F82: 44 | I82: =MID(B82,3,21) -> 17IA15.70
D83: PBA Inspection | E83: On The Line (20) | F83: 1 | I83: =MID(B83,3,21)
D84: AOI Inspect | E84: On The Line (20) | F84: 15 | I84: =MID(B84,3,21)
D85: AOR1 AOI Repair S1 | E85: In Repair (25) | F85: 21 | I85: =MID(B85,3,21)
D86: 5DX | E86: On The Line (20) | F86: 107 | I86: =MID(B86,3,21) | K86: Jun 10: 9 cartridges delivered - Fedex tracking is 439713438829. The second shipment (24 pcs) ship today – Fedex Tracking 439713439126.
A87: 26 | B87: QT17IA45.40 | C87: QTNSN476757A.X12 | D87: Shipped to Customer | E87: Shipped (40) | F87: 11 | I87: =MID(B87,3,21) -> 17IA45.40
A88: 27 | B88: QT17IA15.95 | C88: QTNSN095289A.X12 | D88: Complete | E88: Finished (30) | F88: 11 | I88: =MID(B88,3,21) -> 17IA15.95
D89: Functional Test-1 | E89: On The Line (20) | F89: 18 | I89: =MID(B89,3,21)
D90: NOT-IN-PROCESS | E90: Unit Component (60) | F90: 49 | I90: =MID(B90,3,21)
D91: Shipped to Customer | E91: Shipped (40) | F91: 1 | I91: =MID(B91,3,21)
D92: Xfr to Debug Test | E92: In Repair Hold (29) | F92: 6 | I92: =MID(B92,3,21)
D93: Rework-2 | E93: In Repair (25) | F93: 1 | I93: =MID(B93,3,21)
D94: PBA Inspection | E94: On The Line (20) | F94: 1 | I94: =MID(B94,3,21)
D95: XRAY DAGE | E95: On The Line (20) | F95: 48 | I95: =MID(B95,3,21)
D96: 5DX | E96: On The Line (20) | F96: 3 | I96: =MID(B96,3,21)
D97: Debug Test-1 | E97: In Repair (25) | F97: 2 | I97: =MID(B97,3,21)
A98: 28 | B98: QT17IA15.96 | C98: QTNSN095288A.X12 | D98: Complete | E98: Finished (30) | F98: 8 | I98: =MID(B98,3,21) -> 17IA15.96
D99: Functional Test-1 | E99: On The Line (20) | F99: 15 | I99: =MID(B99,3,21)
D100: NOT-IN-PROCESS | E100: Unit Component (60) | F100: 49 | I100: =MID(B100,3,21)
...

Sheet Sheet2
A1: Unique id | B1: WO | E1: Part number | F1: Desc | G1: Qty | H1: Priority | I1: STI/ Comments
A2: QT17IA14.00 | B2: =VLOOKUP(A2,Summary!B:B,1,0) -> QT17IA14.00 | E2: QTNSN095288A.X03 | F2: #N/A | G2: 70 | H2: 1 | O2: Mh lot codes to MRB
A3: QT17IA14.10 | B3: =VLOOKUP(A3,Summary!B:B,1,0) -> QT17IA14.10 | E3: QTNSN095289A.X03 | F3: #N/A | G3: 80 | H3: 2 | O3: Solder paste Qtys
A4: QT17IA23.00 | B4: =VLOOKUP(A4,Summary!B:B,1,0) -> QT17IA23.00 | E4: QTNSN095266A.X02 | F4: #N/A | G4: 25 | H4: 3
A5: QT17IA43.00 | B5: =VLOOKUP(A5,Summary!B:B,1,0) -> QT17IA43.00 | E5: QTNSN476757A.X02 | F5: #N/A | G5: 20 | H5: 4
A6: QT17IA14.30 | B6: =VLOOKUP(A6,Summary!B:B,1,0) -> QT17IA14.30 | E6: QTNSN095288A.X11 | F6: QT PA ASSY, 095288A. REV X11, B25 PA ASSEMBLY FOR AXFIA/AXFIB | G6: 37 | H6: 5 | I6: eSTI PE53499. PE53575 add a note to remove shield and pre-drive, and for 840135A to use X1 version. PE53746 sent 03/13
A7: QT17IA14.31 | B7: =VLOOKUP(A7,Summary!B:B,1,0) -> QT17IA14.31 | E7: QTNSN095288A.X11 | F7: QT PA ASSY, 095288A. REV X11, B25 PA ASSEMBLY FOR AXFIA/AXFIB | G7: 37 | H7: 6 | I7: eSTI PE53499. PE53575 add a note to remove shield and pre-drive, and for 840135A to use X1 version. PE53684 sent 03/13
A8: QT17IA14.20 | B8: =VLOOKUP(A8,Summary!B:B,1,0) -> QT17IA14.20 | E8: QTNSN095289A.X11 | F8: QT PA ASSY, 095289A. REV X11, B66 PA ASSEMBLY FOR AXFIA/AXFIB | G8: 37 | H8: 7 | I8: STI PE53554 for 840135A to use X1 version. PE53499, .
A9: QT17IA14.21 | B9: =VLOOKUP(A9,Summary!B:B,1,0) -> QT17IA14.21 | E9: QTNSN095289A.X11 | F9: QT PA ASSY, 095289A. REV X11, B66 PA ASSEMBLY FOR AXFIA/AXFIB | G9: 37 | H9: 8 | I9: PE53571 for 17IA14.21,add a note to remove shield and pre-driver. Create new eSTI for 17IA14.20 adding the same note. NEW PE53611
A10: QT17IA24.00 | B10: =VLOOKUP(A10,Summary!B:B,1,0) -> QT17IA24.00 | E10: QTNSN095266A.X11 | F10: QT TRX ASSY, 095266A. REV X11, TRX ASSEMBLY FOR AXFIA | G10: 29 | H10: 9 | I10: PE53604, PE53707,PE53847
A11: QT17IA44.00 | B11: =VLOOKUP(A11,Summary!B:B,1,0) -> QT17IA44.00 | E11: QTNSN476757A.X11 | F11: RRH X11 | G11: 15 | H11: 10 | I11: PE53701
A12: QT17IA14.50 | B12: =VLOOKUP(A12,Summary!B:B,1,0) -> QT17IA14.50 | E12: QTNSN095288A.X11 | F12: QT PA ASSY, 095288A. REV X11, B25 PA ASSEMBLY FOR AXFIA/AXFIB | G12: 124 | H12: 11 | I12: PE53891
A13: QT17IA14.40 | B13: =VLOOKUP(A13,Summary!B:B,1,0) -> QT17IA14.40 | E13: QTNSN095289A.X11 | F13: QT PA ASSY, 095289A. REV X11, B66 PA ASSEMBLY FOR AXFIA/AXFIB | G13: 124 | H13: 12 | I13: PE54018
A14: QT17IA24.10 | B14: =VLOOKUP(A14,Summary!B:B,1,0) -> QT17IA24.10 | E14: QTNSN095266A.X12 | F14: QT TRX ASSY, 095266A. REV X12, TRX ASSEMBLY FOR AXFIA | G14: 41 | H14: 13 | I14: X12 Bom released - PE54073
A15: QT17IA44.10 | B15: =VLOOKUP(A15,Summary!B:B,1,0) -> QT17IA44.10 | E15: QTNSN476757A.X12 | F15: QT T/L UNIT ASSY, 476757A. REV X12, AXFIA AirScale RRH 4T8R n25/66 720W | G15: 30 | H15: 14 | I15: Esti releasesed- Release wo- PE54404- Wo released 29-May-26 | Min of 15 units next week | J15: Quote- 02-Jun-26 | K15: Send to Paula
A16: QT17IA15.80 | B16: =VLOOKUP(A16,Summary!B:B,1,0) -> QT17IA15.80 | E16: QTNSN095289A.X12 | F16: QT PA ASSY, 095289A. REV X12, B66 PA ASSEMBLY FOR AXFIA/AXFIB | G16: 62 | H16: 18 | I16: New PWB- Order 2 sets of stencils- new profile board needed - New profile needed - Need STI- Checkplots being worked - PE54185
A17: QT17IA15.90 | B17: =VLOOKUP(A17,Summary!B:B,1,0) -> QT17IA15.90 | E17: QTNSN095288A.X12 | F17: QT PA ASSY, 095288A. REV X12, B25 PA ASSEMBLY FOR AXFIA/AXFIB | G17: 62 | H17: 17 | I17: New PWB- Order 2 sets of stencils- new profile board needed - New profile needed - Need STI- Stencil 04/23- PE54164 | N17: 46139
A18: QT19BA11.00 | B18: =VLOOKUP(A18,Summary!B:B,1,0) -> QT19BA11.00 | E18: QTNSN095290A.X02 | F18: QT PA ASSY, 095290A. REV X02, B71 PA ASSEMBLY FOR AXOLBA | G18: 14 | H18: 19 | I18: Stencils due on the 27- Apr- No Esti
A19: QT19BA11.10 | B19: =VLOOKUP(A19,Summary!B:B,1,0) -> QT19BA11.10 | E19: QTNSN095291A.X02 | F19: QT PA ASSY, 095291A. REV X02, B85 PA ASSEMBLY FOR AXOLBA | G19: 14 | H19: 20 | I19: Stencils due on the 27- Apr- No Esti- Tracking# 707296329356
A20: QT20LA21.00 | B20: =VLOOKUP(A20,Summary!B:B,1,0) -> QT20LA21.00 | E20: QTNSN095286A.X02 | F20: QT TRX ASSY, 095286A. REV X02, TRX ASSEMBLY FOR AXOLA | G20: 10 | H20: 21 | I20: PWB X6 | PE54313 to be cp'd rpleace P7000738 with P67 | AOI and Xray data & Dage available -Send data ASAP
A21: QT17IA25.30 | B21: =VLOOKUP(A21,Summary!B:B,1,0) -> QT17IA25.30 | C21: =MID(A21,3,11) -> 17IA25.30 | D21: Clean | E21: QTNSN095266A.X12 | F21: QT TRX ASSY, 095266A. REV X12, TRX ASSEMBLY FOR AXFIA | G21: 47 | H21: 22 | I21: Kick off 21-May-26- ESTI -PE54408 - Released 29-May-26 | One more ESTI to be released | Stencil ETA 03-Jun-26 | PE54513- Work order relased 06/03 | J21: Released -06/03 | Confirm SMT Start date
A22: QT17IA15.60 | B22: =VLOOKUP(A22,Summary!B:B,1,0) -> QT17IA15.60 | E22: QTNSN095289A.X12 | F22: QT PA ASSY, 095289A. REV X12, B66 PA ASSEMBLY FOR AXFIA/AXFIB | G22: 188 | H22: 23 | I22: Kick off 21-May-26- ESTI - PE54407- WO Released 29-May-26 | J22: Durafuse
A23: QT17IA15.70 | B23: =VLOOKUP(A23,Summary!B:B,1,0) -> QT17IA15.70 | E23: QTNSN095288A.X12 | F23: QT PA ASSY, 095288A. REV X12, B25 PA ASSEMBLY FOR AXFIA/AXFIB | G23: 188 | H23: 24 | I23: Kick off 21-May-26- ESTI - PE54405- WO Released 29-May-26 | J23: Durafuse
A24: QT17IA45.30 | B24: =VLOOKUP(A24,Summary!B:B,1,0) -> #N/A | C24: =MID(A24,3,11) -> 17IA45.30 | D24: Clean | E24: QTNSN476757A.X12 | F24: QT T/L UNIT ASSY, 476757A. REV X12, AXFIA AirScale RRH 4T8R n25/66 720W | G24: 47 | H24: 25 | I24: PE54409 - Released 29-May-26_ need to release work order- Relased 15-Jun-26 | J24: Quote avialable
A25: QT17IA45.40 | B25: =VLOOKUP(A25,Summary!B:B,1,0) -> QT17IA45.40 | E25: QTNSN476757A.X12 | F25: QT T/L UNIT ASSY, 476757A. REV X12, AXFIA AirScale RRH 4T8R n25/66 720W | G25: 11 | H25: 26 | I25: Kick off- ESTI PE54381 - WO released | J25: Unit to Poland | K25: SYK262101094
A26: QT17IA15.95 | B26: =VLOOKUP(A26,Summary!B:B,1,0) -> QT17IA15.95 | E26: QTNSN095289A.X12 | F26: QT PA ASSY, 095289A. REV X12, B66 PA ASSEMBLY FOR AXFIA/AXFIB | G26: 140 | H26: 27 | I26: Stencils , same PWB, STI for Solder paste PE54356- requested to run on the 2oth of May | New profile needed for Different solder paste | J26: Quote Sent 29-May-26
A27: QT17IA15.96 | B27: =VLOOKUP(A27,Summary!B:B,1,0) -> QT17IA15.96 | E27: QTNSN095288A.X12 | F27: QT PA ASSY, 095288A. REV X12, B25 PA ASSEMBLY FOR AXFIA/AXFIB | G27: 140 | H27: 28 | I27: PE54357- Solder paste STI- Received | New profile needed for Different solder paste | J27: Quote Sent 29-May-26
A28: QT20LA12.00 | B28: =VLOOKUP(A28,Summary!B:B,1,0) -> QT20LA12.00 | E28: QTNSN095290A.X02 | F28: QT PA ASSY, 095290A. REV X02, B71 PA ASSEMBLY FOR AXOLBA | G28: 64 | H28: 29 | I28: Esti releasesed- PE54413- WO released 27-May-26- need profile approved
A29: QT20LA12.10 | B29: =VLOOKUP(A29,Summary!B:B,1,0) -> QT20LA12.10 | E29: QTNSN095291A.X02 | F29: QT PA ASSY, 095291A. REV X02, B85 PA ASSEMBLY FOR AXOLBA | G29: 64 | H29: 30 | I29: Esti releasesed- WO released 27-May-26- Need profile approved
A30: QT20LA41.00 | B30: =VLOOKUP(A30,Summary!B:B,1,0) -> #N/A | C30: =MID(A30,3,11) -> 20LA41.00 | D30: Clean | E30: QTNSN476797A.X11 | F30: QT T/L UNIT ASSY, 476797A.REV X11, AXOLA AirScale RRH 4T4R n71/85 320W | G30: 8 | H30: 31 | I30: CTB- ESTI PE54470 | WO release today 03-Jun-26- Followed up on ESTI | J30: Quote- 05-Jun-26
A31: QT19BA21.00 | B31: =VLOOKUP(A31,Summary!B:B,1,0) -> #N/A | C31: =MID(A31,3,11) -> 19BA21.00 | E31: QTNSN095804A.X11 | G31: 22 | H31: 32 | I31: Relased 06/12 | J31: Cost roll
A32: QT19BA12.20 | B32: =VLOOKUP(A32,Summary!B:B,1,0) -> #N/A | C32: =MID(A32,3,11) -> 19BA12.20 | D32: Clean | E32: QTNSN095290A.X02 | G32: 32 | H32: 33 | I32: ESTI - Sac305 PE54542- Work order QT20LA12.00 increased to 64 units
A33: QT19BA12.30 | B33: =VLOOKUP(A33,Summary!B:B,1,0) -> #N/A | C33: =MID(A33,3,11) -> 19BA12.30 | D33: Clean | E33: QTNSN095291A.X02 | G33: 32 | H33: 34 | I33: ESTI - Sac305 PE54541- Work order QT20LA12.10 increased to 64 units
A34: QT19BA41.00 | B34: =VLOOKUP(A34,Summary!B:B,1,0) -> #N/A | C34: =MID(A34,3,11) -> 19BA41.00 | E34: QTNSN476971A.X11 | G34: 8 | H34: 35 | I34: No ESTI_ Nokia checking -06/16 | J34: 840265X4
A35: QT17IA24.20 | C35: =MID(A35,3,11) -> 17IA24.20 | G35: 29 | H35: 37 | I35: RelaseD 06/15
A36: QT17IA14.70 | C36: =MID(A36,3,11) -> 17IA14.70 | E36: QTNSN095288A.X21 | H36: 39
A37: QT17IA14.60 | C37: =MID(A37,3,11) -> 17IA14.60 | E37: QTNSN095289A.P01 | H37: 40 | I37: BOM not loaded | P722374
A38: QT18OA21.00 | C38: =MID(A38,3,11) -> 18OA21.00 | H38: 41 | I38: Bom being updated- 06/16

Sheet Ko This week
A1: QT17IA24.20 | C1: AXFIA | D1: RF8 | E1: 0-Series | F1: 095266A.X21
A2: QT19BA21.00 | C2: AXOLBA | D2: RF8 | E2: P1 | F2: 095804A.X11
A3: QT17IA14.70 | B3: B25 | C3: AXFIA | D3: RF8 | E3: 0-Series | F3: 095288A.X21
A4: QT17IA14.60 | B4: B66 | C4: AXFIA | D4: RF8 | E4: 0-Series | F4: 095289A.P01 | G4: 095289A.X21
A5: QT18OA21.00 | B5: FF3 | C5: AXOA | D5: RF8 | E5: P1 | F5: 095725A.X12
A8: 51690564 | B8: Follow up for IPR
