Workbook

Sheet Shop Order
A1: Serial Number | B1: Workstation | C1: Process | D1: Qty | E1: Unit Status | F1: Last Updated | G1: Work order | H1: Part number | I1: Priority | J1: Comments | K1: Shipping date | L1: asdas
A2: YK260300123 | B2: NOT-IN-PROCESS | C2: NOT-IN-PROCESS | D2: 1 | E2: Unit Component (60) | F2: 46065.449 | G2: QT17IA14.00 | H2: QTNSN095288A.X03 | I2: =VLOOKUP(G2,WO!A:J,10,0) -> 1
A3: YK260300124 | B3: NOT-IN-PROCESS | C3: NOT-IN-PROCESS | D3: 1 | E3: Unit Component (60) | F3: 46065.45 | G3: QT17IA14.00 | H3: QTNSN095288A.X03 | I3: =VLOOKUP(G3,WO!A:J,10,0) -> 1
A4: YK260300125 | B4: NOT-IN-PROCESS | C4: NOT-IN-PROCESS | D4: 1 | E4: Unit Component (60) | F4: 46071.552 | G4: QT17IA14.00 | H4: QTNSN095288A.X03 | I4: =VLOOKUP(G4,WO!A:J,10,0) -> 1
A5: YK260300126 | B5: NOT-IN-PROCESS | C5: NOT-IN-PROCESS | D5: 1 | E5: Unit Component (60) | F5: 46072.29 | G5: QT17IA14.00 | H5: QTNSN095288A.X03 | I5: =VLOOKUP(G5,WO!A:J,10,0) -> 1
A6: YK260300127 | B6: NOT-IN-PROCESS | C6: NOT-IN-PROCESS | D6: 1 | E6: Unit Component (60) | F6: 46076.37 | G6: QT17IA14.00 | H6: QTNSN095288A.X03 | I6: =VLOOKUP(G6,WO!A:J,10,0) -> 1
A7: YK260300128 | B7: SHIP Shipping | C7: Shipped to Customer | D7: 1 | E7: Shipped (40) | F7: 46112.311 | G7: QT17IA14.00 | H7: QTNSN095288A.X03 | I7: =VLOOKUP(G7,WO!A:J,10,0) -> 1
A8: YK260300129 | B8: NOT-IN-PROCESS | C8: NOT-IN-PROCESS | D8: 1 | E8: Unit Component (60) | F8: 46065.432 | G8: QT17IA14.00 | H8: QTNSN095288A.X03 | I8: =VLOOKUP(G8,WO!A:J,10,0) -> 1
A9: YK260300130 | B9: NOT-IN-PROCESS | C9: NOT-IN-PROCESS | D9: 1 | E9: Unit Component (60) | F9: 46071.282 | G9: QT17IA14.00 | H9: QTNSN095288A.X03 | I9: =VLOOKUP(G9,WO!A:J,10,0) -> 1
A10: YK260300131 | B10: NOT-IN-PROCESS | C10: NOT-IN-PROCESS | D10: 1 | E10: Unit Component (60) | F10: 46076.374 | G10: QT17IA14.00 | H10: QTNSN095288A.X03 | I10: =VLOOKUP(G10,WO!A:J,10,0) -> 1
A11: YK260300132 | B11: NOT-IN-PROCESS | C11: NOT-IN-PROCESS | D11: 1 | E11: Unit Component (60) | F11: 46065.431 | G11: QT17IA14.00 | H11: QTNSN095288A.X03 | I11: =VLOOKUP(G11,WO!A:J,10,0) -> 1
A12: YK260300133 | B12: NOT-IN-PROCESS | C12: NOT-IN-PROCESS | D12: 1 | E12: Unit Component (60) | F12: 46072.486 | G12: QT17IA14.00 | H12: QTNSN095288A.X03 | I12: =VLOOKUP(G12,WO!A:J,10,0) -> 1
A13: YK260300134 | B13: NOT-IN-PROCESS | C13: NOT-IN-PROCESS | D13: 1 | E13: Unit Component (60) | F13: 46065.449 | G13: QT17IA14.00 | H13: QTNSN095288A.X03 | I13: =VLOOKUP(G13,WO!A:J,10,0) -> 1
... A158: YK260900007 | B158: NOT-IN-PROCESS | C158: NOT-IN-PROCESS | D158: 1 | E158: Unit Component (60) | F158: 46150.392 | G158: QT17IA14.20 | H158: QTNSN095289A.X11 | I158: =VLOOKUP(G158,WO!A:J,10,0) -> 7
A159: YK260900008 | B159: SHIP Shipping | C159: Shipped to Customer | D159: 1 | E159: Shipped (40) | F159: 46123.268 | G159: QT17IA14.20 | H159: QTNSN095289A.X11 | I159: =VLOOKUP(G159,WO!A:J,10,0) -> 7 | K159: 46105
A160: YK260900009 | B160: SHIP Shipping | C160: Shipped to Customer | D160: 1 | E160: Shipped (40) | F160: 46123.268 | G160: QT17IA14.20 | H160: QTNSN095289A.X11 | I160: =VLOOKUP(G160,WO!A:J,10,0) -> 7 | K160: 46105
A161: YK260900010 | B161: SHIP Shipping | C161: Shipped to Customer | D161: 1 | E161: Shipped (40) | F161: 46248.37 | G161: QT17IA14.20 | H161: QTNSN095289A.X11 | I161: =VLOOKUP(G161,WO!A:J,10,0) -> 7
A162: YK260900011 | B162: SHIP Shipping | C162: Shipped to Customer | D162: 1 | E162: Shipped (40) | F162: 46123.268 | G162: QT17IA14.20 | H162: QTNSN095289A.X11 | I162: =VLOOKUP(G162,WO!A:J,10,0) -> 7 | K162: 46105
A163: YK260900012 | B163: SHIP Shipping | C163: Shipped to Customer | D163: 1 | E163: Shipped (40) | F163: 46154.373 | G163: QT17IA14.20 | H163: QTNSN095289A.X11 | I163: =VLOOKUP(G163,WO!A:J,10,0) -> 7 | K163: 46156
A164: YK260900013 | B164: NOT-IN-PROCESS | C164: NOT-IN-PROCESS | D164: 1 | E164: Unit Component (60) | F164: 46153.505 | G164: QT17IA14.20 | H164: QTNSN095289A.X11 | I164: =VLOOKUP(G164,WO!A:J,10,0) -> 7
A165: YK260900014 | B165: NOT-IN-PROCESS | C165: NOT-IN-PROCESS | D165: 1 | E165: Unit Component (60) | F165: 46140.311 | G165: QT17IA14.20 | H165: QTNSN095289A.X11 | I165: =VLOOKUP(G165,WO!A:J,10,0) -> 7
A166: YK260900015 | B166: SHIP Shipping | C166: Shipped to Customer | D166: 1 | E166: Shipped (40) | F166: 46246.579 | G166: QT17IA14.20 | H166: QTNSN095289A.X11 | I166: =VLOOKUP(G166,WO!A:J,10,0) -> 7
A167: YK260900016 | B167: NOT-IN-PROCESS | C167: NOT-IN-PROCESS | D167: 1 | E167: Unit Component (60) | F167: 46146.277 | G167: QT17IA14.20 | H167: QTNSN095289A.X11 | I167: =VLOOKUP(G167,WO!A:J,10,0) -> 7
A168: YK260900017 | B168: CMP1 Complete | C168: Complete | D168: 1 | E168: Finished (30) | F168: 46139.587 | G168: QT17IA14.20 | H168: QTNSN095289A.X11 | I168: =VLOOKUP(G168,WO!A:J,10,0) -> 7
A169: YK260900018 | B169: SHIP Shipping | C169: Shipped to Customer | D169: 1 | E169: Shipped (40) | F169: 46123.268 | G169: QT17IA14.20 | H169: QTNSN095289A.X11 | I169: =VLOOKUP(G169,WO!A:J,10,0) -> 7 | K169: 46097
A170: YK260900019 | B170: SHIP Shipping | C170: Shipped to Customer | D170: 1 | E170: Shipped (40) | F170: 46246.583 | G170: QT17IA14.20 | H170: QTNSN095289A.X11 | I170: =VLOOKUP(G170,WO!A:J,10,0) -> 7
A171: YK260900020 | B171: NOT-IN-PROCESS | C171: NOT-IN-PROCESS | D171: 1 | E171: Unit Component (60) | F171: 46153.435 | G171: QT17IA14.20 | H171: QTNSN095289A.X11 | I171: =VLOOKUP(G171,WO!A:J,10,0) -> 7
A172: YK260900021 | B172: FUN1 Func Test | C172: Functional Test-1 | D172: 1 | E172: On The Line (20) | F172: 46122.381 | G172: QT17IA14.20 | H172: QTNSN095289A.X11 | I172: =VLOOKUP(G172,WO!A:J,10,0) -> 7
A173: YK260900022 | B173: SHIP Shipping | C173: Shipped to Customer | D173: 1 | E173: Shipped (40) | F173: 46174.475 | G173: QT17IA14.20 | H173: QTNSN095289A.X11 | I173: =VLOOKUP(G173,WO!A:J,10,0) -> 7 | K173: 46128
A174: YK260900023 | B174: SHIP Shipping | C174: Shipped to Customer | D174: 1 | E174: Shipped (40) | F174: 46248.401 | G174: QT17IA14.20 | H174: QTNSN095289A.X11 | I174: =VLOOKUP(G174,WO!A:J,10,0) -> 7
A175: YK260900024 | B175: SHIP Shipping | C175: Shipped to Customer | D175: 1 | E175: Shipped (40) | F175: 46248.4 | G175: QT17IA14.20 | H175: QTNSN095289A.X11 | I175: =VLOOKUP(G175,WO!A:J,10,0) -> 7
A176: YK260900025 | B176: SHIP Shipping | C176: Shipped to Customer | D176: 1 | E176: Shipped (40) | F176: 46246.556 | G176: QT17IA14.20 | H176: QTNSN095289A.X11 | I176: =VLOOKUP(G176,WO!A:J,10,0) -> 7
A177: YK260900026 | B177: SHIP Shipping | C177: Shipped to Customer | D177: 1 | E177: Shipped (40) | F177: 46248.401 | G177: QT17IA14.20 | H177: QTNSN095289A.X11 | I177: =VLOOKUP(G177,WO!A:J,10,0) -> 7
A178: YK260900027 | B178: FUN1 Func Test | C178: Functional Test-1 | D178: 1 | E178: On The Line (20) | F178: 46122.382 | G178: QT17IA14.20 | H178: QTNSN095289A.X11 | I178: =VLOOKUP(G178,WO!A:J,10,0) -> 7
A179: YK260900028 | B179: SHIP Shipping | C179: Shipped to Customer | D179: 1 | E179: Shipped (40) | F179: 46246.559 | G179: QT17IA14.20 | H179: QTNSN095289A.X11 | I179: =VLOOKUP(G179,WO!A:J,10,0) -> 7
A180: YK260900029 | B180: SHIP Shipping | C180: Shipped to Customer | D180: 1 | E180: Shipped (40) | F180: 46123.268 | G180: QT17IA14.20 | H180: QTNSN095289A.X11 | I180: =VLOOKUP(G180,WO!A:J,10,0) -> 7 | K180: 46097
A181: YK260900030 | B181: SHIP Shipping | C181: Shipped to Customer | D181: 1 | E181: Shipped (40) | F181: 46123.268 | G181: QT17IA14.20 | H181: QTNSN095289A.X11 | I181: =VLOOKUP(G181,WO!A:J,10,0) -> 7 | K181: 46105
A182: YK260900031 | B182: SHIP Shipping | C182: Shipped to Customer | D182: 1 | E182: Shipped (40) | F182: 46123.268 | G182: QT17IA14.20 | H182: QTNSN095289A.X11 | I182: =VLOOKUP(G182,WO!A:J,10,0) -> 7 | K182: 46112
A183: YK260900032 | B183: FUN1 Func Test | C183: Functional Test-1 | D183: 1 | E183: On The Line (20) | F183: 46115.654 | G183: QT17IA14.20 | H183: QTNSN095289A.X11 | I183: =VLOOKUP(G183,WO!A:J,10,0) -> 7
A184: YK260900033 | B184: SHIP Shipping | C184: Shipped to Customer | D184: 1 | E184: Shipped (40) | F184: 46248.402 | G184: QT17IA14.20 | H184: QTNSN095289A.X11 | I184: =VLOOKUP(G184,WO!A:J,10,0) -> 7
A185: YK260900034 | B185: SHIP Shipping | C185: Shipped to Customer | D185: 1 | E185: Shipped (40) | F185: 46123.268 | G185: QT17IA14.20 | H185: QTNSN095289A.X11 | I185: =VLOOKUP(G185,WO!A:J,10,0) -> 7 | K185: 46105
A186: YK260900035 | B186: SHIP Shipping | C186: Shipped to Customer | D186: 1 | E186: Shipped (40) | F186: 46246.578 | G186: QT17IA14.20 | H186: QTNSN095289A.X11 | I186: =VLOOKUP(G186,WO!A:J,10,0) -> 7
A187: YK260900036 | B187: SHIP Shipping | C187: Shipped to Customer | D187: 1 | E187: Shipped (40) | F187: 46246.558 | G187: QT17IA14.20 | H187: QTNSN095289A.X11 | I187: =VLOOKUP(G187,WO!A:J,10,0) -> 7
A188: YK260900037 | B188: FUN1 Func Test | C188: Functional Test-1 | D188: 1 | E188: On The Line (20) | F188: 46115.605 | G188: QT17IA14.20 | H188: QTNSN095289A.X11 | I188: =VLOOKUP(G188,WO!A:J,10,0) -> 7
A189: YK260900075 | B189: SHIP Shipping | C189: Shipped to Customer | D189: 1 | E189: Shipped (40) | F189: 46123.268 | G189: QT17IA14.21 | H189: QTNSN095289A.X11 | I189: =VLOOKUP(G189,WO!A:J,10,0) -> 8 | K189: 46097
A190: YK260900076 | B190: NOT-IN-PROCESS | C190: NOT-IN-PROCESS | D190: 1 | E190: Unit Component (60) | F190: 46140.311 | G190: QT17IA14.21 | H190: QTNSN095289A.X11 | I190: =VLOOKUP(G190,WO!A:J,10,0) -> 8
A191: YK260900077 | B191: SHIP Shipping | C191: Shipped to Customer | D191: 1 | E191: Shipped (40) | F191: 46141.297 | G191: QT17IA14.21 | H191: QTNSN095289A.X11 | I191: =VLOOKUP(G191,WO!A:J,10,0) -> 8
A192: YK260900078 | B192: SHIP Shipping | C192: Shipped to Customer | D192: 1 | E192: Shipped (40) | F192: 46141.305 | G192: QT17IA14.21 | H192: QTNSN095289A.X11 | I192: =VLOOKUP(G192,WO!A:J,10,0) -> 8
A193: YK260900079 | B193: SHIP Shipping | C193: Shipped to Customer | D193: 1 | E193: Shipped (40) | F193: 46141.306 | G193: QT17IA14.21 | H193: QTNSN095289A.X11 | I193: =VLOOKUP(G193,WO!A:J,10,0) -> 8
A194: YK260900080 | B194: NOT-IN-PROCESS | C194: NOT-IN-PROCESS | D194: 1 | E194: Unit Component (60) | F194: 46154.266 | G194: QT17IA14.21 | H194: QTNSN095289A.X11 | I194: =VLOOKUP(G194,WO!A:J,10,0) -> 8
A195: YK260900081 | B195: NOT-IN-PROCESS | C195: NOT-IN-PROCESS | D195: 1 | E195: Unit Component (60) | F195: 46154.266 | G195: QT17IA14.21 | H195: QTNSN095289A.X11 | I195: =VLOOKUP(G195,WO!A:J,10,0) -> 8
A196: YK260900082 | B196: FUN1 Func Test | C196: Functional Test-1 | D196: 1 | E196: On The Line (20) | F196: 46122.383 | G196: QT17IA14.21 | H196: QTNSN095289A.X11 | I196: =VLOOKUP(G196,WO!A:J,10,0) -> 8
A197: YK260900083 | B197: SHIP Shipping | C197: Shipped to Customer | D197: 1 | E197: Shipped (40) | F197: 46141.309 | G197: QT17IA14.21 | H197: QTNSN095289A.X11 | I197: =VLOOKUP(G197,WO!A:J,10,0) -> 8
A198: YK260900084 | B198: SHIP Shipping | C198: Shipped to Customer | D198: 1 | E198: Shipped (40) | F198: 46123.268 | G198: QT17IA14.21 | H198: QTNSN095289A.X11 | I198: =VLOOKUP(G198,WO!A:J,10,0) -> 8 | K198: 46112
A199: YK260900085 | B199: NOT-IN-PROCESS | C199: NOT-IN-PROCESS | D199: 1 | E199: Unit Component (60) | F199: 46154.404 | G199: QT17IA14.21 | H199: QTNSN095289A.X11 | I199: =VLOOKUP(G199,WO!A:J,10,0) -> 8
A200: YK260900086 | B200: NOT-IN-PROCESS | C200: NOT-IN-PROCESS | D200: 1 | E200: Unit Component (60) | F200: 46150.391 | G200: QT17IA14.21 | H200: QTNSN095289A.X11 | I200: =VLOOKUP(G200,WO!A:J,10,0) -> 8
A201: YK260900087 | B201: NOT-IN-PROCESS | C201: NOT-IN-PROCESS | D201: 1 | E201: Unit Component (60) | F201: 46146.277 | G201: QT17IA14.21 | H201: QTNSN095289A.X11 | I201: =VLOOKUP(G201,WO!A:J,10,0) -> 8
A202: YK260900088 | B202: SHIP Shipping | C202: Shipped to Customer | D202: 1 | E202: Shipped (40) | F202: 46123.268 | G202: QT17IA14.21 | H202: QTNSN095289A.X11 | I202: =VLOOKUP(G202,WO!A:J,10,0) -> 8 | K202: 46112
A203: YK260900089 | B203: SHIP Shipping | C203: Shipped to Customer | D203: 1 | E203: Shipped (40) | F203: 46246.582 | G203: QT17IA14.21 | H203: QTNSN095289A.X11 | I203: =VLOOKUP(G203,WO!A:J,10,0) -> 8
A204: YK260900090 | B204: NOT-IN-PROCESS | C204: NOT-IN-PROCESS | D204: 1 | E204: Unit Component (60) | F204: 46147.394 | G204: QT17IA14.21 | H204: QTNSN095289A.X11 | I204: =VLOOKUP(G204,WO!A:J,10,0) -> 8
A205: YK260900091 | B205: SHIP Shipping | C205: Shipped to Customer | D205: 1 | E205: Shipped (40) | F205: 46246.568 | G205: QT17IA14.21 | H205: QTNSN095289A.X11 | I205: =VLOOKUP(G205,WO!A:J,10,0) -> 8
A206: YK260900092 | B206: SHIP Shipping | C206: Shipped to Customer | D206: 1 | E206: Shipped (40) | F206: 46246.569 | G206: QT17IA14.21 | H206: QTNSN095289A.X11 | I206: =VLOOKUP(G206,WO!A:J,10,0) -> 8
A207: YK260900093 | B207: NOT-IN-PROCESS | C207: NOT-IN-PROCESS | D207: 1 | E207: Unit Component (60) | F207: 46153.505 | G207: QT17IA14.21 | H207: QTNSN095289A.X11 | I207: =VLOOKUP(G207,WO!A:J,10,0) -> 8
A208: YK260900094 | B208: NOT-IN-PROCESS | C208: NOT-IN-PROCESS | D208: 1 | E208: Unit Component (60) | F208: 46150.467 | G208: QT17IA14.21 | H208: QTNSN095289A.X11 | I208: =VLOOKUP(G208,WO!A:J,10,0) -> 8
A209: YK260900095 | B209: NOT-IN-PROCESS | C209: NOT-IN-PROCESS | D209: 1 | E209: Unit Component (60) | F209: 46140.31 | G209: QT17IA14.21 | H209: QTNSN095289A.X11 | I209: =VLOOKUP(G209,WO!A:J,10,0) -> 8
A210: YK260900096 | B210: NOT-IN-PROCESS | C210: NOT-IN-PROCESS | D210: 1 | E210: Unit Component (60) | F210: 46153.505 | G210: QT17IA14.21 | H210: QTNSN095289A.X11 | I210: =VLOOKUP(G210,WO!A:J,10,0) -> 8
A211: YK260900097 | B211: NOT-IN-PROCESS | C211: NOT-IN-PROCESS | D211: 1 | E211: Unit Component (60) | F211: 46154.405 | G211: QT17IA14.21 | H211: QTNSN095289A.X11 | I211: =VLOOKUP(G211,WO!A:J,10,0) -> 8
A212: YK260900098 | B212: NOT-IN-PROCESS | C212: NOT-IN-PROCESS | D212: 1 | E212: Unit Component (60) | F212: 46154.266 | G212: QT17IA14.21 | H212: QTNSN095289A.X11 | I212: =VLOOKUP(G212,WO!A:J,10,0) -> 8
A213: YK260900099 | B213: SHIP Shipping | C213: Shipped to Customer | D213: 1 | E213: Shipped (40) | F213: 46123.268 | G213: QT17IA14.21 | H213: QTNSN095289A.X11 | I213: =VLOOKUP(G213,WO!A:J,10,0) -> 8 | K213: 46097
A214: YK260900100 | B214: SHIP Shipping | C214: Shipped to Customer | D214: 1 | E214: Shipped (40) | F214: 46123.268 | G214: QT17IA14.21 | H214: QTNSN095289A.X11 | I214: =VLOOKUP(G214,WO!A:J,10,0) -> 8 | K214: 46112
A215: YK260900101 | B215: NOT-IN-PROCESS | C215: NOT-IN-PROCESS | D215: 1 | E215: Unit Component (60) | F215: 46157.435 | G215: QT17IA14.21 | H215: QTNSN095289A.X11 | I215: =VLOOKUP(G215,WO!A:J,10,0) -> 8
A216: YK260900102 | B216: NOT-IN-PROCESS | C216: NOT-IN-PROCESS | D216: 1 | E216: Unit Component (60) | F216: 46149.56 | G216: QT17IA14.21 | H216: QTNSN095289A.X11 | I216: =VLOOKUP(G216,WO!A:J,10,0) -> 8
A217: YK260900103 | B217: NOT-IN-PROCESS | C217: NOT-IN-PROCESS | D217: 1 | E217: Unit Component (60) | F217: 46140.311 | G217: QT17IA14.21 | H217: QTNSN095289A.X11 | I217: =VLOOKUP(G217,WO!A:J,10,0) -> 8
A218: YK260900104 | B218: SHIP Shipping | C218: Shipped to Customer | D218: 1 | E218: Shipped (40) | F218: 46174.476 | G218: QT17IA14.21 | H218: QTNSN095289A.X11 | I218: =VLOOKUP(G218,WO!A:J,10,0) -> 8 | K218: 46128
A219: YK260900105 | B219: NOT-IN-PROCESS | C219: NOT-IN-PROCESS | D219: 1 | E219: Unit Component (60) | F219: 46150.392 | G219: QT17IA14.21 | H219: QTNSN095289A.X11 | I219: =VLOOKUP(G219,WO!A:J,10,0) -> 8
A220: YK260900106 | B220: FUN1 Func Test | C220: Functional Test-1 | D220: 1 | E220: On The Line (20) | F220: 46122.371 | G220: QT17IA14.21 | H220: QTNSN095289A.X11 | I220: =VLOOKUP(G220,WO!A:J,10,0) -> 8
A221: YK260900107 | B221: NOT-IN-PROCESS | C221: NOT-IN-PROCESS | D221: 1 | E221: Unit Component (60) | F221: 46154.265 | G221: QT17IA14.21 | H221: QTNSN095289A.X11 | I221: =VLOOKUP(G221,WO!A:J,10,0) -> 8
A222: YK260900108 | B222: NOT-IN-PROCESS | C222: NOT-IN-PROCESS | D222: 1 | E222: Unit Component (60) | F222: 46153.505 | G222: QT17IA14.21 | H222: QTNSN095289A.X11 | I222: =VLOOKUP(G222,WO!A:J,10,0) -> 8
A223: YK260900109 | B223: SHIP Shipping | C223: Shipped to Customer | D223: 1 | E223: Shipped (40) | F223: 46246.562 | G223: QT17IA14.21 | H223: QTNSN095289A.X11 | I223: =VLOOKUP(G223,WO!A:J,10,0) -> 8
A224: YK260900110 | B224: FUN1 Func Test | C224: Functional Test-1 | D224: 1 | E224: On The Line (20) | F224: 46122.371 | G224: QT17IA14.21 | H224: QTNSN095289A.X11 | I224: =VLOOKUP(G224,WO!A:J,10,0) -> 8
A225: YK260900111 | B225: NOT-IN-PROCESS | C225: NOT-IN-PROCESS | D225: 1 | E225: Unit Component (60) | F225: 46146.276 | G225: QT17IA14.21 | H225: QTNSN095289A.X11 | I225: =VLOOKUP(G225,WO!A:J,10,0) -> 8
A226: YK260900038 | B226: NOT-IN-PROCESS | C226: NOT-IN-PROCESS | D226: 1 | E226: Unit Component (60) | F226: 46150.323 | G226: QT17IA14.30 | H226: QTNSN095288A.X11 | I226: =VLOOKUP(G226,WO!A:J,10,0) -> 5
A227: YK260900039 | B227: SHIP Shipping | C227: Shipped to Customer | D227: 1 | E227: Shipped (40) | F227: 46245.288 | G227: QT17IA14.30 | H227: QTNSN095288A.X11 | I227: =VLOOKUP(G227,WO!A:J,10,0) -> 5
A228: YK260900040 | B228: SHIP Shipping | C228: Shipped to Customer | D228: 1 | E228: Shipped (40) | F228: 46245.289 | G228: QT17IA14.30 | H228: QTNSN095288A.X11 | I228: =VLOOKUP(G228,WO!A:J,10,0) -> 5
A229: YK260900041 | B229: NOT-IN-PROCESS | C229: NOT-IN-PROCESS | D229: 1 | E229: Unit Component (60) | F229: 46146.276 | G229: QT17IA14.30 | H229: QTNSN095288A.X11 | I229: =VLOOKUP(G229,WO!A:J,10,0) -> 5
A230: YK260900042 | B230: SHIP Shipping | C230: Shipped to Customer | D230: 1 | E230: Shipped (40) | F230: 46245.38 | G230: QT17IA14.30 | H230: QTNSN095288A.X11 | I230: =VLOOKUP(G230,WO!A:J,10,0) -> 5
... A237: YK260900049 | B237: NOT-IN-PROCESS | C237: NOT-IN-PROCESS | D237: 1 | E237: Unit Component (60) | F237: 46149.367 | G237: QT17IA14.30 | H237: QTNSN095288A.X11 | I237: =VLOOKUP(G237,WO!A:J,10,0) -> 5
A238: YK260900050 | B238: SHIP Shipping | C238: Shipped to Customer | D238: 1 | E238: Shipped (40) | F238: 46123.268 | G238: QT17IA14.30 | H238: QTNSN095288A.X11 | I238: =VLOOKUP(G238,WO!A:J,10,0) -> 5 | K238: 46097
A239: YK260900051 | B239: NOT-IN-PROCESS | C239: NOT-IN-PROCESS | D239: 1 | E239: Unit Component (60) | F239: 46154.405 | G239: QT17IA14.30 | H239: QTNSN095288A.X11 | I239: =VLOOKUP(G239,WO!A:J,10,0) -> 5
A240: YK260900052 | B240: SHIP Shipping | C240: Shipped to Customer | D240: 1 | E240: Shipped (40) | F240: 46123.268 | G240: QT17IA14.30 | H240: QTNSN095288A.X11 | I240: =VLOOKUP(G240,WO!A:J,10,0) -> 5 | K240: 46097
A241: YK260900053 | B241: SHIP Shipping | C241: Shipped to Customer | D241: 1 | E241: Shipped (40) | F241: 46123.268 | G241: QT17IA14.30 | H241: QTNSN095288A.X11 | I241: =VLOOKUP(G241,WO!A:J,10,0) -> 5 | K241: 46097
A242: YK260900054 | B242: SHIP Shipping | C242: Shipped to Customer | D242: 1 | E242: Shipped (40) | F242: 46169.57 | G242: QT17IA14.30 | H242: QTNSN095288A.X11 | I242: =VLOOKUP(G242,WO!A:J,10,0) -> 5 | K242: 46169
A243: YK260900055 | B243: SHIP Shipping | C243: Shipped to Customer | D243: 1 | E243: Shipped (40) | F243: 46245.382 | G243: QT17IA14.30 | H243: QTNSN095288A.X11 | I243: =VLOOKUP(G243,WO!A:J,10,0) -> 5
A244: YK260900056 | B244: NOT-IN-PROCESS | C244: NOT-IN-PROCESS | D244: 1 | E244: Unit Component (60) | F244: 46149.559 | G244: QT17IA14.30 | H244: QTNSN095288A.X11 | I244: =VLOOKUP(G244,WO!A:J,10,0) -> 5
A245: YK260900057 | B245: SHIP Shipping | C245: Shipped to Customer | D245: 1 | E245: Shipped (40) | F245: 46245.353 | G245: QT17IA14.30 | H245: QTNSN095288A.X11 | I245: =VLOOKUP(G245,WO!A:J,10,0) -> 5
A246: YK260900058 | B246: SHIP Shipping | C246: Shipped to Customer | D246: 1 | E246: Shipped (40) | F246: 46245.379 | G246: QT17IA14.30 | H246: QTNSN095288A.X11 | I246: =VLOOKUP(G246,WO!A:J,10,0) -> 5
A247: YK260900059 | B247: NOT-IN-PROCESS | C247: NOT-IN-PROCESS | D247: 1 | E247: Unit Component (60) | F247: 46150.467 | G247: QT17IA14.30 | H247: QTNSN095288A.X11 | I247: =VLOOKUP(G247,WO!A:J,10,0) -> 5
A248: YK260900060 | B248: SHIP Shipping | C248: Shipped to Customer | D248: 1 | E248: Shipped (40) | F248: 46245.368 | G248: QT17IA14.30 | H248: QTNSN095288A.X11 | I248: =VLOOKUP(G248,WO!A:J,10,0) -> 5
A249: YK260900061 | B249: NOT-IN-PROCESS | C249: NOT-IN-PROCESS | D249: 1 | E249: Unit Component (60) | F249: 46147.394 | G249: QT17IA14.30 | H249: QTNSN095288A.X11 | I249: =VLOOKUP(G249,WO!A:J,10,0) -> 5
A250: YK260900062 | B250: SHIP Shipping | C250: Shipped to Customer | D250: 1 | E250: Shipped (40) | F250: 46123.268 | G250: QT17IA14.30 | H250: QTNSN095288A.X11 | I250: =VLOOKUP(G250,WO!A:J,10,0) -> 5 | K250: 46097
...

Sheet Summary
A1: Row Labels | B1: Work order | C1: Part number | D1: Process | E1: Unit Status | F1: Count of Qty
A2: 1 | B2: QT17IA14.00 | C2: QTNSN095288A.X03 | D2: NOT-IN-PROCESS | E2: Unit Component (60) | F2: 64
D3: Shipped to Customer | E3: Shipped (40) | F3: 6
A4: 2 | B4: QT17IA14.10 | C4: QTNSN095289A.X03 | D4: NOT-IN-PROCESS | E4: Unit Component (60) | F4: 64
D5: Shipped to Customer | E5: Shipped (40) | F5: 16
A6: 3 | B6: QT17IA23.00 | C6: QTNSN095266A.X02 | D6: NOT-IN-PROCESS | E6: Unit Component (60) | F6: 11
D7: Shipped to Customer | E7: Shipped (40) | F7: 14
A8: 4 | B8: QT17IA43.00 | C8: QTNSN476757A.X02 | D8: Shipped to Customer | E8: Shipped (40) | F8: 20
A9: 5 | B9: QT17IA14.30 | C9: QTNSN095288A.X11 | D9: Functional Test-1 | E9: On The Line (20) | F9: 2
D10: NOT-IN-PROCESS | E10: Unit Component (60) | F10: 11
D11: Shipped to Customer | E11: Shipped (40) | F11: 24
A12: 6 | B12: QT17IA14.31 | C12: QTNSN095288A.X11 | D12: Functional Test-1 | E12: On The Line (20) | F12: 1
D13: NOT-IN-PROCESS | E13: Unit Component (60) | F13: 12
D14: Shipped to Customer | E14: Shipped (40) | F14: 24
A15: 7 | B15: QT17IA14.20 | C15: QTNSN095289A.X11 | D15: Complete | E15: Finished (30) | F15: 1
D16: Functional Test-1 | E16: On The Line (20) | F16: 5
D17: NOT-IN-PROCESS | E17: Unit Component (60) | F17: 8
D18: Shipped to Customer | E18: Shipped (40) | F18: 23
A19: 8 | B19: QT17IA14.21 | C19: QTNSN095289A.X11 | D19: Functional Test-1 | E19: On The Line (20) | F19: 3
D20: NOT-IN-PROCESS | E20: Unit Component (60) | F20: 20
D21: Shipped to Customer | E21: Shipped (40) | F21: 14
A22: 9 | B22: QT17IA24.00 | C22: QTNSN095266A.X11 | D22: NOT-IN-PROCESS | E22: Unit Component (60) | F22: 15
D23: Shipped to Customer | E23: Shipped (40) | F23: 14
A24: 10 | B24: QT17IA44.00 | C24: QTNSN476757A.X11 | D24: Shipped to Customer | E24: Shipped (40) | F24: 15
A25: 11 | B25: QT17IA14.50 | C25: QTNSN095288A.X11 | D25: Complete | E25: Finished (30) | F25: 8
D26: Functional Test-1 | E26: On The Line (20) | F26: 5
D27: NOT-IN-PROCESS | E27: Unit Component (60) | F27: 37
D28: Shipped to Customer | E28: Shipped (40) | F28: 81
D29: Xfr to Debug Test | E29: In Repair Hold (29) | F29: 1
A30: 12 | B30: QT17IA14.40 | C30: QTNSN095289A.X11 | D30: NOT-IN-PROCESS | E30: Unit Component (60) | F30: 32
D31: Shipped to Customer | E31: Shipped (40) | F31: 100
A32: 13 | B32: QT17IA24.10 | C32: QTNSN095266A.X12 | D32: Complete | E32: Finished (30) | F32: 2
D33: Functional Test-1 | E33: On The Line (20) | F33: 1
D34: NOT-IN-PROCESS | E34: Unit Component (60) | F34: 38
A35: 14 | B35: QT17IA44.10 | C35: QTNSN476757A.X12 | D35: Shipped to Customer | E35: Shipped (40) | F35: 30
A36: 15 | B36: QT17IA15.80 | C36: QTNSN095289A.X12 | D36: NOT-IN-PROCESS | E36: Unit Component (60) | F36: 44
D37: Shipped to Customer | E37: Shipped (40) | F37: 18
A38: 16 | B38: QT17IA15.90 | C38: QTNSN095288A.X12 | D38: Complete | E38: Finished (30) | F38: 1
D39: NOT-IN-PROCESS | E39: Unit Component (60) | F39: 47
D40: Shipped to Customer | E40: Shipped (40) | F40: 14
A41: 17 | B41: QT19BA11.00 | C41: QTNSN095290A.X02 | D41: Shipped to Customer | E41: Shipped (40) | F41: 14
A42: 18 | B42: QT19BA11.10 | C42: QTNSN095291A.X02 | D42: Shipped to Customer | E42: Shipped (40) | F42: 14
A43: 19 | B43: QT20LA21.00 | C43: QTNSN095286A.X02 | D43: NOT-IN-PROCESS | E43: Unit Component (60) | F43: 8
D44: Shipped to Customer | E44: Shipped (40) | F44: 2
A45: 20 | B45: QT17IA25.30 | C45: QTNSN095266A.X12 | D45: Complete | E45: Finished (30) | F45: 1
D46: Functional Test-1 | E46: On The Line (20) | F46: 1
D47: NOT-IN-PROCESS | E47: Unit Component (60) | F47: 43
D48: Xfr to Debug Test | E48: In Repair Hold (29) | F48: 1
D49: Scrap | E49: Finished (30) | F49: 1
A50: 21 | B50: QT17IA15.60 | C50: QTNSN095289A.X12 | D50: Complete | E50: Finished (30) | F50: 33
D51: NOT-IN-PROCESS | E51: Unit Component (60) | F51: 153
D52: Shipped to Customer | E52: Shipped (40) | F52: 1
D53: Xfr to Debug Test | E53: In Repair Hold (29) | F53: 1
A54: 22 | B54: QT17IA15.70 | C54: QTNSN095288A.X12 | D54: Complete | E54: Finished (30) | F54: 27
D55: Functional Test-1 | E55: On The Line (20) | F55: 1
D56: NOT-IN-PROCESS | E56: Unit Component (60) | F56: 157
D57: Shipped to Customer | E57: Shipped (40) | F57: 1
D58: Xfr to Debug Test | E58: In Repair Hold (29) | F58: 1
D59: Rework-1 | E59: In Repair (25) | F59: 1
A60: 23 | B60: QT17IA45.30 | C60: QTNSN476757A.X12 | D60: Shipped to Customer | E60: Shipped (40) | F60: 39
D61: Rework-1 | E61: In Repair (25) | F61: 1
D62: Xfr to T/L Assembly | E62: On The Line Hold (28) | F62: 7
A63: 24 | B63: QT17IA45.40 | C63: QTNSN476757A.X12 | D63: Shipped to Customer | E63: Shipped (40) | F63: 11
A64: 25 | B64: QT17IA15.95 | C64: QTNSN095289A.X12 | D64: Complete | E64: Finished (30) | F64: 4
D65: Functional Test-1 | E65: On The Line (20) | F65: 3
D66: NOT-IN-PROCESS | E66: Unit Component (60) | F66: 127
D67: Shipped to Customer | E67: Shipped (40) | F67: 6
A68: 26 | B68: QT17IA15.96 | C68: QTNSN095288A.X12 | D68: Complete | E68: Finished (30) | F68: 7
D69: Functional Test-1 | E69: On The Line (20) | F69: 1
D70: NOT-IN-PROCESS | E70: Unit Component (60) | F70: 120
D71: Shipped to Customer | E71: Shipped (40) | F71: 7
D72: Xfr to Debug Test | E72: In Repair Hold (29) | F72: 3
D73: AOI Inspect | E73: On The Line (20) | F73: 1
D74: DUT1 | E74: On The Line (20) | F74: 1
A75: 27 | B75: QT20LA12.00 | C75: QTNSN095290A.X02 | D75: Complete | E75: Finished (30) | F75: 5
D76: NOT-IN-PROCESS | E76: Unit Component (60) | F76: 56
D77: Shipped to Customer | E77: Shipped (40) | F77: 1
D78: Xfr to Debug Test | E78: In Repair Hold (29) | F78: 2
A79: 28 | B79: QT20LA12.10 | C79: QTNSN095291A.X02 | D79: Complete | E79: Finished (30) | F79: 5
D80: NOT-IN-PROCESS | E80: Unit Component (60) | F80: 54
D81: Shipped to Customer | E81: Shipped (40) | F81: 1
D82: Xfr to Debug Test | E82: In Repair Hold (29) | F82: 3
D83: Rework-1 | E83: In Repair (25) | F83: 1
A84: 29 | B84: QT20LA41.00 | C84: QTNSN476797A.X11 | D84: Shipped to Customer | E84: Shipped (40) | F84: 8
A85: 30 | B85: QT19BA21.00A | C85: QTNSN095804A.X11 | D85: NOT-IN-PROCESS | E85: Unit Component (60) | F85: 8
D86: Shipped to Customer | E86: Shipped (40) | F86: 10
D87: Xfr to Debug Test | E87: In Repair Hold (29) | F87: 4
A88: 33 | B88: QT19BA41.00 | C88: QTNSN476971A.X11 | D88: Shipped to Customer | E88: Shipped (40) | F88: 6
D89: Debug Test-1 | E89: In Repair (25) | F89: 2
A90: 34 | B90: QT17IA24.20 | C90: QTNSN095266A.X21 | D90: Complete | E90: Finished (30) | F90: 15
D91: Shipped to Customer | E91: Shipped (40) | F91: 10
D92: Xfr to Debug Test | E92: In Repair Hold (29) | F92: 4
A93: 35 | B93: QT17IA14.70 | C93: QTNSN095288A.X21 | D93: Complete | E93: Finished (30) | F93: 62
D94: Shipped to Customer | E94: Shipped (40) | F94: 10
D95: Xfr to Debug Test | E95: In Repair Hold (29) | F95: 2
A96: 36 | B96: QT17IA14.60 | C96: QTNSN095289A.X21 | D96: Complete | E96: Finished (30) | F96: 57
D97: Shipped to Customer | E97: Shipped (40) | F97: 10
D98: Xfr to Debug Test | E98: In Repair Hold (29) | F98: 1
D99: Rework-1 | E99: In Repair (25) | F99: 1
D100: AOI Inspect | E100: On The Line (20) | F100: 1
...

Sheet WO
A1: Unique id | C1: WO | E1: Program | F1: Type | G1: Part number | H1: Desc | I1: Qty | J1: Priority | K1: STI/ Comments | L1: Quote
A2: QT17IA14.00 | B2: =MID(A2,3,11) -> 17IA14.00 | C2: WIP | D2: =VLOOKUP(A2,'[1]Plan - US NPI'!$C$6:$E$192,3,0) -> #N/A | E2: =VLOOKUP($A2,'[2]Plan - US NPI'!$C$6:$K$191,3,0) -> #N/A | F2: =VLOOKUP($A2,'[2]Plan - US NPI'!$C$6:$K$191,9,0) -> #N/A | G2: QTNSN095288A.X03 | H2: #N/A | I2: 70 | J2: 1 | Q2: Mh lot codes to MRB
A3: QT17IA14.10 | B3: =MID(A3,3,11) -> 17IA14.10 | C3: WIP | D3: =VLOOKUP(A3,'[1]Plan - US NPI'!$C$6:$E$192,3,0) -> #N/A | E3: =VLOOKUP($A3,'[2]Plan - US NPI'!$C$6:$K$191,3,0) -> #N/A | F3: =VLOOKUP($A3,'[2]Plan - US NPI'!$C$6:$K$191,9,0) -> #N/A | G3: QTNSN095289A.X03 | H3: #N/A | I3: 80 | J3: 2 | Q3: Solder paste Qtys
A4: QT17IA23.00 | B4: =MID(A4,3,11) -> 17IA23.00 | C4: WIP | D4: =VLOOKUP(A4,'[1]Plan - US NPI'!$C$6:$E$192,3,0) -> #N/A | E4: =VLOOKUP($A4,'[2]Plan - US NPI'!$C$6:$K$191,3,0) -> #N/A | F4: =VLOOKUP($A4,'[2]Plan - US NPI'!$C$6:$K$191,9,0) -> #N/A | G4: QTNSN095266A.X02 | H4: #N/A | I4: 25 | J4: 3
A5: QT17IA43.00 | B5: =MID(A5,3,11) -> 17IA43.00 | C5: WIP | D5: =VLOOKUP(A5,'[1]Plan - US NPI'!$C$6:$E$192,3,0) -> #N/A | E5: =VLOOKUP($A5,'[2]Plan - US NPI'!$C$6:$K$191,3,0) -> #N/A | F5: =VLOOKUP($A5,'[2]Plan - US NPI'!$C$6:$K$191,9,0) -> #N/A | G5: QTNSN476757A.X02 | H5: #N/A | I5: 20 | J5: 4
A6: QT17IA14.30 | B6: =MID(A6,3,11) -> 17IA14.30 | C6: WIP | D6: =VLOOKUP(A6,'[1]Plan - US NPI'!$C$6:$E$192,3,0) -> #N/A | E6: =VLOOKUP($A6,'[2]Plan - US NPI'!$C$6:$K$191,3,0) -> AXFIA | F6: =VLOOKUP($A6,'[2]Plan - US NPI'!$C$6:$K$191,9,0) -> PA Assembly | G6: QTNSN095288A.X11 | H6: QT PA ASSY, 095288A. REV X11, B25 PA ASSEMBLY FOR AXFIA/AXFIB | I6: 37 | J6: 5 | K6: eSTI PE53499. PE53575 add a note to remove shield and pre-drive, and for 840135A to use X1 version. PE53746 sent 03/13
A7: QT17IA14.31 | B7: =MID(A7,3,11) -> 17IA14.31 | C7: WIP | D7: =VLOOKUP(A7,'[1]Plan - US NPI'!$C$6:$E$192,3,0) -> #N/A | E7: =VLOOKUP($A7,'[2]Plan - US NPI'!$C$6:$K$191,3,0) -> AXFIA | F7: =VLOOKUP($A7,'[2]Plan - US NPI'!$C$6:$K$191,9,0) -> PA Assembly | G7: QTNSN095288A.X11 | H7: QT PA ASSY, 095288A. REV X11, B25 PA ASSEMBLY FOR AXFIA/AXFIB | I7: 37 | J7: 6 | K7: eSTI PE53499. PE53575 add a note to remove shield and pre-drive, and for 840135A to use X1 version. PE53684 sent 03/13
A8: QT17IA14.20 | B8: =MID(A8,3,11) -> 17IA14.20 | C8: WIP | D8: =VLOOKUP(A8,'[1]Plan - US NPI'!$C$6:$E$192,3,0) -> #N/A | E8: =VLOOKUP($A8,'[2]Plan - US NPI'!$C$6:$K$191,3,0) -> AXFIA | F8: =VLOOKUP($A8,'[2]Plan - US NPI'!$C$6:$K$191,9,0) -> PA Assembly | G8: QTNSN095289A.X11 | H8: QT PA ASSY, 095289A. REV X11, B66 PA ASSEMBLY FOR AXFIA/AXFIB | I8: 37 | J8: 7 | K8: STI PE53554 for 840135A to use X1 version. PE53499, .
A9: QT17IA14.21 | B9: =MID(A9,3,11) -> 17IA14.21 | C9: WIP | D9: =VLOOKUP(A9,'[1]Plan - US NPI'!$C$6:$E$192,3,0) -> #N/A | E9: =VLOOKUP($A9,'[2]Plan - US NPI'!$C$6:$K$191,3,0) -> AXFIA | F9: =VLOOKUP($A9,'[2]Plan - US NPI'!$C$6:$K$191,9,0) -> PA Assembly | G9: QTNSN095289A.X11 | H9: QT PA ASSY, 095289A. REV X11, B66 PA ASSEMBLY FOR AXFIA/AXFIB | I9: 37 | J9: 8 | K9: PE53571 for 17IA14.21,add a note to remove shield and pre-driver. Create new eSTI for 17IA14.20 adding the same note. NEW PE53611
A10: QT17IA24.00 | B10: =MID(A10,3,11) -> 17IA24.00 | C10: WIP | D10: =VLOOKUP(A10,'[1]Plan - US NPI'!$C$6:$E$192,3,0) -> #N/A | E10: =VLOOKUP($A10,'[2]Plan - US NPI'!$C$6:$K$191,3,0) -> #N/A | F10: =VLOOKUP($A10,'[2]Plan - US NPI'!$C$6:$K$191,9,0) -> #N/A | G10: QTNSN095266A.X11 | H10: QT TRX ASSY, 095266A. REV X11, TRX ASSEMBLY FOR AXFIA | I10: 29 | J10: 9 | K10: PE53604, PE53707,PE53847
A11: QT17IA44.00 | B11: =MID(A11,3,11) -> 17IA44.00 | C11: WIP | D11: =VLOOKUP(A11,'[1]Plan - US NPI'!$C$6:$E$192,3,0) -> #N/A | E11: =VLOOKUP($A11,'[2]Plan - US NPI'!$C$6:$K$191,3,0) -> #N/A | F11: =VLOOKUP($A11,'[2]Plan - US NPI'!$C$6:$K$191,9,0) -> #N/A | G11: QTNSN476757A.X11 | H11: RRH X11 | I11: 15 | J11: 10 | K11: PE53701
A12: QT17IA14.50 | B12: =MID(A12,3,11) -> 17IA14.50 | C12: WIP | D12: =VLOOKUP(A12,'[1]Plan - US NPI'!$C$6:$E$192,3,0) -> #N/A | E12: =VLOOKUP($A12,'[2]Plan - US NPI'!$C$6:$K$191,3,0) -> AXFIA | F12: =VLOOKUP($A12,'[2]Plan - US NPI'!$C$6:$K$191,9,0) -> PA Assembly | G12: QTNSN095288A.X11 | H12: QT PA ASSY, 095288A. REV X11, B25 PA ASSEMBLY FOR AXFIA/AXFIB | I12: 124 | J12: 11 | K12: PE53891
A13: QT17IA14.40 | B13: =MID(A13,3,11) -> 17IA14.40 | C13: WIP | D13: =VLOOKUP(A13,'[1]Plan - US NPI'!$C$6:$E$192,3,0) -> #N/A | E13: =VLOOKUP($A13,'[2]Plan - US NPI'!$C$6:$K$191,3,0) -> AXFIA | F13: =VLOOKUP($A13,'[2]Plan - US NPI'!$C$6:$K$191,9,0) -> PA Assembly | G13: QTNSN095289A.X11 | H13: QT PA ASSY, 095289A. REV X11, B66 PA ASSEMBLY FOR AXFIA/AXFIB | I13: 124 | J13: 12 | K13: PE54018
A14: QT17IA24.10 | B14: =MID(A14,3,11) -> 17IA24.10 | C14: WIP | D14: =VLOOKUP(A14,'[1]Plan - US NPI'!$C$6:$E$192,3,0) -> #N/A | E14: =VLOOKUP($A14,'[2]Plan - US NPI'!$C$6:$K$191,3,0) -> AXFIA | F14: =VLOOKUP($A14,'[2]Plan - US NPI'!$C$6:$K$191,9,0) -> TRX/PSU/BB Assembly | G14: QTNSN095266A.X12 | H14: QT TRX ASSY, 095266A. REV X12, TRX ASSEMBLY FOR AXFIA | I14: 41 | J14: 13 | K14: X12 Bom released - PE54073
A15: QT17IA44.10 | B15: =MID(A15,3,11) -> 17IA44.10 | C15: WIP | D15: =VLOOKUP(A15,'[1]Plan - US NPI'!$C$6:$E$192,3,0) -> #N/A | E15: =VLOOKUP($A15,'[2]Plan - US NPI'!$C$6:$K$191,3,0) -> AXFIA | F15: =VLOOKUP($A15,'[2]Plan - US NPI'!$C$6:$K$191,9,0) -> RRH Unit | G15: QTNSN476757A.X12 | H15: QT T/L UNIT ASSY, 476757A. REV X12, AXFIA AirScale RRH 4T8R n25/66 720W | I15: 30 | J15: 14 | K15: Esti releasesed- Release wo- PE54404- Wo released 29-May-26 | Min of 15 units next week | Work order complete
A16: QT17IA15.80 | B16: =MID(A16,3,11) -> 17IA15.80 | C16: WIP | D16: =VLOOKUP(A16,'[1]Plan - US NPI'!$C$6:$E$192,3,0) -> #N/A | E16: AXFIA | F16: PA Assembly | G16: QTNSN095289A.X12 | H16: QT PA ASSY, 095289A. REV X12, B66 PA ASSEMBLY FOR AXFIA/AXFIB | I16: 62 | J16: 15 | K16: New PWB- Order 2 sets of stencils- new profile board needed - New profile needed - Need STI- Checkplots being worked - PE54185
A17: QT17IA15.90 | B17: =MID(A17,3,11) -> 17IA15.90 | C17: WIP | D17: =VLOOKUP(A17,'[1]Plan - US NPI'!$C$6:$E$192,3,0) -> #N/A | E17: =VLOOKUP($A17,'[2]Plan - US NPI'!$C$6:$K$191,3,0) -> AXFIA | F17: =VLOOKUP($A17,'[2]Plan - US NPI'!$C$6:$K$191,9,0) -> PA Assembly | G17: QTNSN095288A.X12 | H17: QT PA ASSY, 095288A. REV X12, B25 PA ASSEMBLY FOR AXFIA/AXFIB | I17: 62 | J17: 16 | K17: New PWB- Order 2 sets of stencils- new profile board needed - New profile needed - Need STI- Stencil 04/23- PE54164 | P17: 46139
A18: QT19BA11.00 | B18: =MID(A18,3,11) -> 19BA11.00 | C18: WIP | D18: =VLOOKUP(A18,'[1]Plan - US NPI'!$C$6:$E$192,3,0) -> #N/A | E18: =VLOOKUP($A18,'[2]Plan - US NPI'!$C$6:$K$191,3,0) -> AXOLA | F18: =VLOOKUP($A18,'[2]Plan - US NPI'!$C$6:$K$191,9,0) -> PA Assembly | G18: QTNSN095290A.X02 | H18: QT PA ASSY, 095290A. REV X02, B71 PA ASSEMBLY FOR AXOLBA | I18: 14 | J18: 17 | K18: Stencils due on the 27- Apr- No Esti
A19: QT19BA11.10 | B19: =MID(A19,3,11) -> 19BA11.10 | C19: WIP | D19: =VLOOKUP(A19,'[1]Plan - US NPI'!$C$6:$E$192,3,0) -> #N/A | E19: =VLOOKUP($A19,'[2]Plan - US NPI'!$C$6:$K$191,3,0) -> AXOLA | F19: =VLOOKUP($A19,'[2]Plan - US NPI'!$C$6:$K$191,9,0) -> PA Assembly | G19: QTNSN095291A.X02 | H19: QT PA ASSY, 095291A. REV X02, B85 PA ASSEMBLY FOR AXOLBA | I19: 14 | J19: 18 | K19: Stencils due on the 27- Apr- No Esti- Tracking# 707296329356
A20: QT20LA21.00 | B20: =MID(A20,3,11) -> 20LA21.00 | C20: WIP | D20: =VLOOKUP(A20,'[1]Plan - US NPI'!$C$6:$E$192,3,0) -> #N/A | E20: =VLOOKUP($A20,'[2]Plan - US NPI'!$C$6:$K$191,3,0) -> AXOLA | F20: =VLOOKUP($A20,'[2]Plan - US NPI'!$C$6:$K$191,9,0) -> TRX/PSU/BB Assembly | G20: QTNSN095286A.X02 | H20: QT TRX ASSY, 095286A. REV X02, TRX ASSEMBLY FOR AXOLA | I20: 10 | J20: 19 | K20: New CP today - Check material
A21: QT17IA25.30 | B21: =MID(A21,3,11) -> 17IA25.30 | C21: WIP | D21: =VLOOKUP(A21,'[1]Plan - US NPI'!$C$6:$E$192,3,0) -> #N/A | E21: =VLOOKUP($A21,'[2]Plan - US NPI'!$C$6:$K$191,3,0) -> AXFIA | F21: =VLOOKUP($A21,'[2]Plan - US NPI'!$C$6:$K$191,9,0) -> TRX/PSU/BB Assembly | G21: QTNSN095266A.X12 | H21: QT TRX ASSY, 095266A. REV X12, TRX ASSEMBLY FOR AXFIA | I21: 47 | J21: 20 | K21: Kick off 21-May-26- ESTI -PE54408 - Released 29-May-26 | One more ESTI to be released | Stencil ETA 03-Jun-26 | PE54513- Work order relased 06/03
A22: QT17IA15.60 | B22: =MID(A22,3,11) -> 17IA15.60 | C22: WIP | D22: =VLOOKUP(A22,'[1]Plan - US NPI'!$C$6:$E$192,3,0) -> #N/A | E22: =VLOOKUP($A22,'[2]Plan - US NPI'!$C$6:$K$191,3,0) -> AXFIA | F22: =VLOOKUP($A22,'[2]Plan - US NPI'!$C$6:$K$191,9,0) -> PA Assembly | G22: QTNSN095289A.X12 | H22: QT PA ASSY, 095289A. REV X12, B66 PA ASSEMBLY FOR AXFIA/AXFIB | I22: 188 | J22: 21 | K22: Kick off 21-May-26- ESTI - PE54407- WO Released 29-May-26
A23: QT17IA15.70 | B23: =MID(A23,3,11) -> 17IA15.70 | C23: WIP | D23: =VLOOKUP(A23,'[1]Plan - US NPI'!$C$6:$E$192,3,0) -> #N/A | E23: =VLOOKUP($A23,'[2]Plan - US NPI'!$C$6:$K$191,3,0) -> AXFIA | F23: =VLOOKUP($A23,'[2]Plan - US NPI'!$C$6:$K$191,9,0) -> PA Assembly | G23: QTNSN095288A.X12 | H23: QT PA ASSY, 095288A. REV X12, B25 PA ASSEMBLY FOR AXFIA/AXFIB | I23: 188 | J23: 22 | K23: Kick off 21-May-26- ESTI - PE54405- WO Released 29-May-26
A24: QT17IA45.30 | B24: =MID(A24,3,11) -> 17IA45.30 | C24: WIP | D24: =VLOOKUP(A24,'[1]Plan - US NPI'!$C$6:$E$192,3,0) -> #N/A | E24: =VLOOKUP($A24,'[2]Plan - US NPI'!$C$6:$K$191,3,0) -> AXFIA | F24: =VLOOKUP($A24,'[2]Plan - US NPI'!$C$6:$K$191,9,0) -> RRH Unit | G24: QTNSN476757A.X12 | H24: QT T/L UNIT ASSY, 476757A. REV X12, AXFIA AirScale RRH 4T8R n25/66 720W | I24: 47 | J24: 23 | K24: PE54409 & PE54856 - Released 29-May-26_ need to release work order- Relased 15-Jun-26 | Rework on the Chassis | Committing 22 pcs for next week | P55306
A25: QT17IA45.40 | B25: =MID(A25,3,11) -> 17IA45.40 | C25: WIP | D25: =VLOOKUP(A25,'[1]Plan - US NPI'!$C$6:$E$192,3,0) -> #N/A | E25: AXFIA | F25: RRH Unit | G25: QTNSN476757A.X12 | H25: QT T/L UNIT ASSY, 476757A. REV X12, AXFIA AirScale RRH 4T8R n25/66 720W | I25: 11 | J25: 24 | K25: Kick off- ESTI PE54381 - WO released
A26: QT17IA15.95 | B26: =MID(A26,3,11) -> 17IA15.95 | C26: WIP | D26: =VLOOKUP(A26,'[1]Plan - US NPI'!$C$6:$E$192,3,0) -> #N/A | E26: =VLOOKUP($A26,'[2]Plan - US NPI'!$C$6:$K$191,3,0) -> AXFIA | F26: =VLOOKUP($A26,'[2]Plan - US NPI'!$C$6:$K$191,9,0) -> PA Assembly | G26: QTNSN095289A.X12 | H26: QT PA ASSY, 095289A. REV X12, B66 PA ASSEMBLY FOR AXFIA/AXFIB | I26: 140 | J26: 25 | K26: Stencils , same PWB, STI for Solder paste PE54356- requested to run on the 2oth of May | New profile needed for Different solder paste
A27: QT17IA15.96 | B27: =MID(A27,3,11) -> 17IA15.96 | C27: WIP | D27: =VLOOKUP(A27,'[1]Plan - US NPI'!$C$6:$E$192,3,0) -> #N/A | E27: =VLOOKUP($A27,'[2]Plan - US NPI'!$C$6:$K$191,3,0) -> AXFIA | F27: =VLOOKUP($A27,'[2]Plan - US NPI'!$C$6:$K$191,9,0) -> PA Assembly | G27: QTNSN095288A.X12 | H27: QT PA ASSY, 095288A. REV X12, B25 PA ASSEMBLY FOR AXFIA/AXFIB | I27: 140 | J27: 26 | K27: PE54357- Solder paste STI- Received | New profile needed for Different solder paste
A28: QT20LA12.00 | B28: =MID(A28,3,11) -> 20LA12.00 | C28: WIP | D28: =VLOOKUP(A28,'[1]Plan - US NPI'!$C$6:$E$192,3,0) -> #N/A | E28: =VLOOKUP($A28,'[2]Plan - US NPI'!$C$6:$K$191,3,0) -> AXOLA | F28: =VLOOKUP($A28,'[2]Plan - US NPI'!$C$6:$K$191,9,0) -> PA Assembly | G28: QTNSN095290A.X02 | H28: QT PA ASSY, 095290A. REV X02, B71 PA ASSEMBLY FOR AXOLBA | I28: 64 | J28: 27 | K28: Esti releasesed- PE54413- WO released 27-May-26- need profile approved
A29: QT20LA12.10 | B29: =MID(A29,3,11) -> 20LA12.10 | C29: WIP | D29: =VLOOKUP(A29,'[1]Plan - US NPI'!$C$6:$E$192,3,0) -> #N/A | E29: =VLOOKUP($A29,'[2]Plan - US NPI'!$C$6:$K$191,3,0) -> AXOLA | F29: =VLOOKUP($A29,'[2]Plan - US NPI'!$C$6:$K$191,9,0) -> PA Assembly | G29: QTNSN095291A.X02 | H29: QT PA ASSY, 095291A. REV X02, B85 PA ASSEMBLY FOR AXOLBA | I29: 64 | J29: 28 | K29: Esti releasesed- WO released 27-May-26- Need profile approved
A30: QT20LA41.00 | B30: =MID(A30,3,11) -> 20LA41.00 | C30: WIP | D30: =VLOOKUP(A30,'[1]Plan - US NPI'!$C$6:$E$192,3,0) -> #N/A | E30: =VLOOKUP($A30,'[2]Plan - US NPI'!$C$6:$K$191,3,0) -> AXOLA | F30: =VLOOKUP($A30,'[2]Plan - US NPI'!$C$6:$K$191,9,0) -> RRH Unit | G30: QTNSN476797A.X11 | H30: QT T/L UNIT ASSY, 476797A.REV X11, AXOLA AirScale RRH 4T4R n71/85 320W | I30: 8 | J30: 29 | K30: CTB- ESTI PE54470 | WO release today 03-Jun-26- Followed up on ESTI | TRX rework need to look at material | STI released -
A31: QT19BA21.00A | B31: =MID(A31,3,11) -> 19BA21.00A | C31: WIP | D31: =VLOOKUP(A31,'[1]Plan - US NPI'!$C$6:$E$192,3,0) -> #N/A | E31: AXOLBA | F31: TRX/PSU/BB Assembly | G31: QTNSN095804A.X11 | I31: 22 | J31: 30 | K31: Relased 06/12- Critical components | 2 pcs Skipping FT- Nokia to pick up | Parametric Data- * 8 boards need rework STI to be released- Cannot test | PE55020- Rework STI with 3 parts that we need to buy-Load independent demand- Rework quote 12 boards- Quote needed pull parts to Soka | L31: Quote sent
A32: QT19BA12.20 | B32: =MID(A32,3,11) -> 19BA12.20 | C32: WIP | D32: =VLOOKUP(A32,'[1]Plan - US NPI'!$C$6:$E$192,3,0) -> #N/A | E32: =VLOOKUP($A32,'[2]Plan - US NPI'!$C$6:$K$191,3,0) -> AXOLBA | F32: =VLOOKUP($A32,'[2]Plan - US NPI'!$C$6:$K$191,9,0) -> PA Assembly | G32: QTNSN095290A.X02 | I32: 32 | J32: 31 | K32: ESTI - Sac305 PE54542- Work order QT20LA12.00 increased to 64 units
A33: QT19BA12.30 | B33: =MID(A33,3,11) -> 19BA12.30 | C33: WIP | D33: =VLOOKUP(A33,'[1]Plan - US NPI'!$C$6:$E$192,3,0) -> #N/A | E33: =VLOOKUP($A33,'[2]Plan - US NPI'!$C$6:$K$191,3,0) -> AXOLBA | F33: =VLOOKUP($A33,'[2]Plan - US NPI'!$C$6:$K$191,9,0) -> PA Assembly | G33: QTNSN095291A.X02 | I33: 32 | J33: 32 | K33: ESTI - Sac305 PE54541- Work order QT20LA12.10 increased to 64 units
A34: QT19BA41.00 | B34: =MID(A34,3,11) -> 19BA41.00 | C34: WIP | D34: =VLOOKUP(A34,'[1]Plan - US NPI'!$C$6:$E$192,3,0) -> #N/A | E34: =VLOOKUP($A34,'[2]Plan - US NPI'!$C$6:$K$191,3,0) -> AXOLBA | F34: =VLOOKUP($A34,'[2]Plan - US NPI'!$C$6:$K$191,9,0) -> RRH Unit | G34: QTNSN476971A.X11 | I34: 8 | J34: 33 | K34: No ESTI_ Nokia checking -06/16 | Chassis and Filter check stock | ESTI to be released PE54770- Share costed bom- New CP To be loaded today | Assembly to be stopped| Commiting to 8 wk 31 | L34: Quote sent-20-Jul-26 | M34: Press plate and Carriers - Delivered from CNC
A35: QT17IA24.20 | B35: =MID(A35,3,11) -> 17IA24.20 | C35: WIP | D35: =VLOOKUP(A35,'[1]Plan - US NPI'!$C$6:$E$192,3,0) -> #N/A | E35: =VLOOKUP($A35,'[2]Plan - US NPI'!$C$6:$K$191,3,0) -> AXFIA | F35: =VLOOKUP($A35,'[2]Plan - US NPI'!$C$6:$K$191,9,0) -> TRX/PSU/BB Assembly | G35: QTNSN095266A.X21 | I35: 29 | J35: 34 | K35: RelaseD 06/15 | Old profile can be used- Review with Jose current issues on the X12 build | Same profile as AXOLBA
A36: QT17IA14.70 | B36: =MID(A36,3,11) -> 17IA14.70 | C36: WIP | D36: AXFIA | E36: AXFIA | F36: PA Assembly | G36: QTNSN095288A.X21 | I36: 74 | J36: 35 | K36: PE54718 | PE54609 | PE54651 - Jose Stencils- Clean released 24-Jun-26- New ESTI for preform ( )| Any date for the Macom part P620299
A37: QT17IA14.60 | B37: =MID(A37,3,11) -> 17IA14.60 | C37: WIP | D37: =VLOOKUP(A37,'[1]Plan - US NPI'!$C$6:$E$192,3,0) -> #N/A | E37: =VLOOKUP($A37,'[2]Plan - US NPI'!$C$6:$K$191,3,0) -> AXFIA | F37: =VLOOKUP($A37,'[2]Plan - US NPI'!$C$6:$K$191,9,0) -> PA Assembly | G37: QTNSN095289A.X21 | I37: 74 | J37: 36 | K37: PE54719, PE54667 ,PE54611 STI- Jose Stencils- 3 shortages- not clean- 2 MTRs to Oulu, 1 Po from Distro-New STI to be released- Labels
A38: QT18OA21.00A | B38: =MID(A38,3,11) -> 18OA21.00A | C38: Released | D38: Need to release work order | E38: AXOA | F38: TRX | G38: QTNSN095725A.X11 | I38: 11 | J38: 37 | K38: need STI for X11 Bom | 4 STIS- PE54721,PE54724,PE55044,PE55107 | L38: Sent 21-Aug-26
A39: QT20LA22.00 | B39: =MID(A39,3,11) -> 20LA22.00 | C39: BOM updates need to happened | D39: =VLOOKUP(A39,'[1]Plan - US NPI'!$C$6:$E$192,3,0) -> #N/A | E39: =VLOOKUP($A39,'[2]Plan - US NPI'!$C$6:$K$191,3,0) -> AXOLA | F39: =VLOOKUP($A39,'[2]Plan - US NPI'!$C$6:$K$191,9,0) -> TRX/PSU/BB Assembly | G39: QTNSN095803A.X03 | I39: 14 | J39: 38 | K39: 1 component dif from the 804A.X11 Build | STI PE54748 - released today | Stencil Same as 804 | ON HOLD- YK262800086 Ship "as-is" to Salvador | Bom Update needed or STI| PE55140 to skip test and bom changes for the remainning boards | Close at 4 - new build for the remainning 095286A.xo2 | L39: Quote sent 13-July-26
A40: QT20LA15.93 | B40: =MID(A40,3,11) -> 20LA15.93 | C40: WIP | E40: =VLOOKUP($A40,'[2]Plan - US NPI'!$C$6:$K$191,3,0) -> AXOLA | F40: =VLOOKUP($A40,'[2]Plan - US NPI'!$C$6:$K$191,9,0) -> PA Assembly | G40: QTNSN095290A.X02 | I40: 13 | J40: 39 | K40: PE54809- Release Work order-PWB supplier info- Clean - Complete | L40: Quote sent 16-July-26
A41: QT20LA15.95 | B41: =MID(A41,3,11) -> 20LA15.95 | C41: WIP | E41: =VLOOKUP($A41,'[2]Plan - US NPI'!$C$6:$K$191,3,0) -> AXOLA | F41: =VLOOKUP($A41,'[2]Plan - US NPI'!$C$6:$K$191,9,0) -> PA Assembly | G41: QTNSN095291A.X02 | I41: 13 | J41: 40 | K41: PE54808- Release Work order-PWB supplier info-Clean- Two left to ship | L41: Quote sent 16-July-26
A42: QT19BA22.00 | B42: =MID(A42,3,11) -> 19BA22.00 | C42: Released | E42: =VLOOKUP($A42,'[2]Plan - US NPI'!$C$6:$K$191,3,0) -> AXOLBA | F42: =VLOOKUP($A42,'[2]Plan - US NPI'!$C$6:$K$191,9,0) -> TRX/PSU/BB Assembly | G42: QTNSN095804A.X12 | I42: 64 | J42: 41 | K42: New X12 BOM loaded - Aug 10 SMT date | PE55283
A43: QT19BA13.00A | B43: =MID(A43,3,11) -> 19BA13.00A | C43: Released | D43: Work order released | E43: AXOLBA | F43: PA Assembly | G43: QTNSN095290A.X02 | I43: 454 | J43: 42 | K43: Also inclduing AXOLA PA's- QT20LA15.00 | No ESTI- Kick off dates- PE55195- Need to release \ SMT carriers |P699107 | L43: Quote sent 03-Aug-26
A44: QT19BA14.10 | B44: =MID(A44,3,11) -> 19BA14.10 | C44: Released | E44: =VLOOKUP($A44,'[2]Plan - US NPI'!$C$6:$K$191,3,0) -> AXOLBA | F44: =VLOOKUP($A44,'[2]Plan - US NPI'!$C$6:$K$191,9,0) -> PA Assembly | G44: QTNSN095291A.X02 | I44: 454 | J44: 43 | K44: Also inclduing AXOLA PA's- QT20LA15.00 | ESTI needed PE55194 | L44: Quote sent 03-Aug-26
A45: QT19BA42.00 | B45: =MID(A45,3,11) -> 19BA42.00 | C45: Released | E45: =VLOOKUP($A45,'[2]Plan - US NPI'!$C$6:$K$191,3,0) -> AXOLBA | F45: =VLOOKUP($A45,'[2]Plan - US NPI'!$C$6:$K$191,9,0) -> RRH Unit | G45: QTNSN476971A.X12 | I45: 64 | J45: 44 | K45: Radio bom being updated - PE55238 & PE55239 | Kick off _ BOM Being updated to call out for consigned part numbers | need one more Material STI- PE55384 | L45: ETA 21-Aug-26
A46: QT17IA44.20 | B46: =MID(A46,3,11) -> 17IA44.20 | C46: Released | E46: =VLOOKUP($A46,'[2]Plan - US NPI'!$C$6:$K$191,3,0) -> AXFIA | F46: =VLOOKUP($A46,'[2]Plan - US NPI'!$C$6:$K$191,9,0) -> RRH Unit | G46: QTNSN476757A.X21 | I46: 15 | J46: 45 | K46: Kick off tomorrow- Check Material - Tarrif PO's need to be received in as consigned part numbers - ESTI PE55209 | Release work order- Check consigned stock- BOM needs to be updated for consigned part numbers | STI Needed | L46: Sent 21-Aug-26 | M46: Kit pull- Fit check & Packaging and tester
A47: QT20LA11.00 | B47: =MID(A47,3,11) -> 20LA11.00 | C47: Released | E47: AXOLA | F47: PA Assembly | G47: QTNSN095939A.X01 | I47: 13 | J47: 46 | K47: Stencils need to be ordered - ESTI released - PE55127- Part shortage- Fedex #537919189711 | L47: Quote sent 03-Aug-26
A48: QT18OA12.00 | B48: =MID(A48,3,11) -> 18OA12.00 | C48: Released | D48: WO Released | E48: AXOA | F48: PA Assembly | G48: QTNSN095724A.X11 | I48: 14 | J48: 47 | K48: Tooling shows delivered 07-Jul-26 | L48: Quote sent 03-Aug-26
A49: QT17IA14.80 | B49: =MID(A49,3,11) -> 17IA14.80 | C49: Released | E49: AXFIA | F49: PA Assembly | G49: QTNSN095289A.X21 | I49: 226 | J49: 48 | K49: Need ESTI- PE55313- next on the line | L49: Sent 21-Aug-26
A50: QT17IA14.90 | B50: =MID(A50,3,11) -> 17IA14.90 | C50: Released | E50: AXFIA | F50: PA Assembly | G50: QTNSN095288A.X21 | I50: 226 | J50: 49 | K50: Durafuse not on the BOM-PE55229- need ESTi- Need to provide qtys for Rev A - ESTI released - Release WO- On HOLD | L50: Sent 21-Aug-26
A51: QT20LA23.10A | B51: =MID(A51,3,11) -> 20LA23.10A | C51: Old work order cancelled and recreated with A | E51: AXOLA | F51: TRX/PSU/BB Assembly | G51: QTNSN095286A.X14 | I51: 10 | J51: 50 | K51: New Bom to be released | Work order to be cancelled - new BOM releasing X14 | PE55328- material | L51: Sent 21-Aug-26
A52: QT18OA41.00 | B52: =MID(A52,3,11) -> 18OA41.00 | C52: Released | E52: AXOA | F52: RRH Unit | G52: QTNSN4777124A.X11 | I52: 6 | J52: 51 | K52: Need to release work order- Check for Tarrif parts- Release work order | L52: Need Quote_ Andrea
A53: QT17IA24.30 | B53: =MID(A53,3,11) -> 17IA24.30 | C53: Released | E53: AXFIA | F53: =VLOOKUP($A53,'[2]Plan - US NPI'!$C$6:$K$191,9,0) -> TRX/PSU/BB Assembly | G53: QTNSN095266A.X21 | I53: 52 | J53: 52 | K53: PE55281- STI released | Release work order- P667209
A54: QT20LA23.00 | B54: =MID(A54,3,11) -> 20LA23.00 | C54: 46258 | E54: AXOLA | F54: TRX/PSU/BB Assembly | G54: QTNSN095286A.X14 | I54: 45 | J54: 53 | K54: Need STI- to release work order | work order relased 24-Aug-26 | STIL PE55413 to be released | L54: Need Quote
B55: =MID(A55,3,11) | C55: TBK | G55: 095867A.X01 | I55: 15
B56: =MID(A56,3,11) | C56: 46246 | E56: Chewy | F56: Riser card
B57: =MID(A57,3,11) | C57: 46261 | E57: Chewy | F57: RF Board
A58: QT20LA42.00 | B58: =MID(A58,3,11) -> 20LA42.00 | C58: KO -21-Aug-26 | E58: AXOLA | F58: RRH Unit | I58: 45

Sheet Sheet1
A1: PA build plan | E1: Qty | F1: SMT Build start date | G1: SMT Build end date | H1: Special instructions | I1: Comments | K1: Material Clear / Planned
A2: 19BA13.00 | B2: 095290A.X02 | C2: AXOLA/BA | D2: B71 | E2: 220 | F2: 46234 | G2: 46237 | H2: Innolot - Alpha P689340 | I2: Completed | J2: SMT Complete. | K2: 46227
A3: 19BA14.10 | B3: 095291A.X02 | C3: AXOLA/BA | D3: B85/14 | E3: 220 | F3: 46238 | G3: 46240 | H3: Innolot - Alpha P689340 | I3: Completed | J3: Aug 05: 2pc at AOI -programming underway. Delay: Machine couldn’t read fiducials.
A4: 20LA11.00 | B4: 095939A.X01 | C4: AXOLA | D4: B85/14 | E4: 13 | F4: 46241 | G4: 46241 | H4: Innolot - Alpha/Durafuse | I4: Next on the line, Kit pull complete | J4: Material pending CTB, LE TBD / Stencil need to order / SMT program -not yet available | K4: TBD
J5: Need to release w/o -pending material >1430316 resistor 0805 -No PO placed, SanCar shows demand -stock in disty per Terry, SanCar will place PO today, 2311411 Fedex 875083144774 stuck in customs, still in India, 987922X1 Fedex 875137617745 & 875139824951 stuck in customs. SMT programming need to create. Stencil Need to order.
A6: 17IA14.90 | B6: 095288A.X21 | C6: AXFIA | D6: B25 | E6: 226 | F6: 46244 | G6: 46246 | H6: Innolot - Alpha HR Solder Paste P689340 | I6: Kit released - Waiting for confirmation on Kit pull | J6: need this kit pulled -has w/o been released? eSTI CP'd - request to release w/o today | K6: material clear
A7: 17IA14.80 | B7: 095289A.X21 | C7: AXFIA | D7: B66 | E7: 226 | F7: 46246 | G7: 46248 | H7: Innolot - Alpha HR Solder Paste P689340 | I7: Waiting on STI to be released | J7: need this kit pulled -has w/o been released? Need eSTI. | K7: 46219
A8: 19BA13.00 | B8: 095290A.X02 | C8: AXOLA/BA | D8: B71 | E8: 234 | F8: 46251 | G8: 46253 | H8: Durafuse P683943 | J8: Kit on floor | K8: 46227
A9: 19BA14.10 | B9: 095291A.X02 | C9: AXOLA/BA | D9: B85/14 | E9: 234 | F9: 46254 | G9: 46258 | H9: Durafuse P683943 | I9: 179 pending | J9: Kit on floor
A10: 18OA12.00 | B10: 095724A.X11 | C10: AXOA | D10: B71 | E10: 14 | F10: 46259 | I10: Kit pull completed | J10: Kit released ready for pick up from stock room - low priority. stencil not ordered / SMT program -not yet available | K10: 46231
A13: TRX build plan | E13: Qty | F13: SMT Build start date | G13: SMT Build end date | H13: Special instructions | I13: Comments
A14: 19BA22.00 | B14: 095804A.X12 | C14: AXOLBA | E14: 64 | F14: 46244 | G14: 46248 | I14: 32 pending | J14: W/O released - stock room to start pulling today. Material clear. No eSTI. Stencil: Need SanCar to confirm if new stencil is needed. SMT target Aug 10th. | K14: 46238
A15: 20LA23.10 | B15: 095286A.X02 | C15: AXOLA - Re KO Aug 7 | E15: 10 | F15: LE to start?? | I15: eSTI ~20 lines -Need BOM uprev | On hold | J15: eSTI ~20 lines -Need BOM uprev
J16: Material: P689154 ETA Aug 7, P667029 ..- Ez to share CTB eSTI: 20+ lines need to up rev BOM. Stencil: on hand.
A17: 18OA21.00 | B17: 095725A.X11 | C17: AXOA | E17: 11 | I17: Need to release work order- previous work order cancelld due to bom update | K17: 46247
B18: AXFIA Aug 6 KO
C19: Need kits released and moved to floor
A22: RRH | E22: Qty | F22: SMT Build start date | G22: SMT Build end date | H22: Special instructions | I22: Comments
A23: QT19BA41.00 | B23: 476971A.X11 | C23: AXOLBA | D23: RF8 | E23: 8 | H23: Pre | I23: on line building. Chassis 095371A.X11 -holes not tapped
A24: QT17IA45.30 | B24: 476757A.X12 | C24: AXFIA | D24: RF8 | E24: 47 | H24: Main Build X12 | I24: on line building. Need B66, TRX -3pc available
A25: QT17IA44.20 | B25: 476757A.X21 | C25: AXFIA | D25: RF8 | E25: 15 | H25: Pre Build X21 | I25: Need kit released - eSTI CP'd
A26: QT18OA41.00 | B26: 477124A.X11 | C26: AXOA | D26: RF8 | E26: 6
