Workbook

Sheet Shop Order
A1: Serial Number | B1: Workstation | C1: Process | D1: Qty | E1: Unit Status | F1: Last Updated | G1: Work order | H1: Part number | I1: Priority | J1: Comments | K1: Shipping date | L1: asdas
A2: YK260300123 | B2: NOT-IN-PROCESS | C2: NOT-IN-PROCESS | D2: 1 | E2: Unit Component (60) | F2: 46065.449 | G2: QT17IA14.00 | H2: QTNSN095288A.X03 | I2: =VLOOKUP(G2,Sheet2!A:D,4,0) -> 1
A3: YK260300124 | B3: NOT-IN-PROCESS | C3: NOT-IN-PROCESS | D3: 1 | E3: Unit Component (60) | F3: 46065.45 | G3: QT17IA14.00 | H3: QTNSN095288A.X03 | I3: =VLOOKUP(G3,Sheet2!A:D,4,0) -> 1
A4: YK260300125 | B4: NOT-IN-PROCESS | C4: NOT-IN-PROCESS | D4: 1 | E4: Unit Component (60) | F4: 46071.552 | G4: QT17IA14.00 | H4: QTNSN095288A.X03 | I4: =VLOOKUP(G4,Sheet2!A:D,4,0) -> 1
A5: YK260300126 | B5: NOT-IN-PROCESS | C5: NOT-IN-PROCESS | D5: 1 | E5: Unit Component (60) | F5: 46072.29 | G5: QT17IA14.00 | H5: QTNSN095288A.X03 | I5: =VLOOKUP(G5,Sheet2!A:D,4,0) -> 1
A6: YK260300127 | B6: NOT-IN-PROCESS | C6: NOT-IN-PROCESS | D6: 1 | E6: Unit Component (60) | F6: 46076.37 | G6: QT17IA14.00 | H6: QTNSN095288A.X03 | I6: =VLOOKUP(G6,Sheet2!A:D,4,0) -> 1
A7: YK260300128 | B7: SHIP Shipping | C7: Shipped to Customer | D7: 1 | E7: Shipped (40) | F7: 46112.311 | G7: QT17IA14.00 | H7: QTNSN095288A.X03 | I7: =VLOOKUP(G7,Sheet2!A:D,4,0) -> 1
A8: YK260300129 | B8: NOT-IN-PROCESS | C8: NOT-IN-PROCESS | D8: 1 | E8: Unit Component (60) | F8: 46065.432 | G8: QT17IA14.00 | H8: QTNSN095288A.X03 | I8: =VLOOKUP(G8,Sheet2!A:D,4,0) -> 1
A9: YK260300130 | B9: NOT-IN-PROCESS | C9: NOT-IN-PROCESS | D9: 1 | E9: Unit Component (60) | F9: 46071.282 | G9: QT17IA14.00 | H9: QTNSN095288A.X03 | I9: =VLOOKUP(G9,Sheet2!A:D,4,0) -> 1
A10: YK260300131 | B10: NOT-IN-PROCESS | C10: NOT-IN-PROCESS | D10: 1 | E10: Unit Component (60) | F10: 46076.374 | G10: QT17IA14.00 | H10: QTNSN095288A.X03 | I10: =VLOOKUP(G10,Sheet2!A:D,4,0) -> 1
A11: YK260300132 | B11: NOT-IN-PROCESS | C11: NOT-IN-PROCESS | D11: 1 | E11: Unit Component (60) | F11: 46065.431 | G11: QT17IA14.00 | H11: QTNSN095288A.X03 | I11: =VLOOKUP(G11,Sheet2!A:D,4,0) -> 1
A12: YK260300133 | B12: NOT-IN-PROCESS | C12: NOT-IN-PROCESS | D12: 1 | E12: Unit Component (60) | F12: 46072.486 | G12: QT17IA14.00 | H12: QTNSN095288A.X03 | I12: =VLOOKUP(G12,Sheet2!A:D,4,0) -> 1
A13: YK260300134 | B13: NOT-IN-PROCESS | C13: NOT-IN-PROCESS | D13: 1 | E13: Unit Component (60) | F13: 46065.449 | G13: QT17IA14.00 | H13: QTNSN095288A.X03 | I13: =VLOOKUP(G13,Sheet2!A:D,4,0) -> 1
... A158: YK260900007 | B158: NOT-IN-PROCESS | C158: NOT-IN-PROCESS | D158: 1 | E158: Unit Component (60) | F158: 46150.392 | G158: QT17IA14.20 | H158: QTNSN095289A.X11 | I158: =VLOOKUP(G158,Sheet2!A:D,4,0) -> 7
A159: YK260900008 | B159: SHIP Shipping | C159: Shipped to Customer | D159: 1 | E159: Shipped (40) | F159: 46123.268 | G159: QT17IA14.20 | H159: QTNSN095289A.X11 | I159: =VLOOKUP(G159,Sheet2!A:D,4,0) -> 7 | K159: 46105
A160: YK260900009 | B160: SHIP Shipping | C160: Shipped to Customer | D160: 1 | E160: Shipped (40) | F160: 46123.268 | G160: QT17IA14.20 | H160: QTNSN095289A.X11 | I160: =VLOOKUP(G160,Sheet2!A:D,4,0) -> 7 | K160: 46105
A161: YK260900010 | B161: RWK1 Repair Test | C161: Rework-1 | D161: 1 | E161: In Repair (25) | F161: 46135.342 | G161: QT17IA14.20 | H161: QTNSN095289A.X11 | I161: =VLOOKUP(G161,Sheet2!A:D,4,0) -> 7
A162: YK260900011 | B162: SHIP Shipping | C162: Shipped to Customer | D162: 1 | E162: Shipped (40) | F162: 46123.268 | G162: QT17IA14.20 | H162: QTNSN095289A.X11 | I162: =VLOOKUP(G162,Sheet2!A:D,4,0) -> 7 | K162: 46105
A163: YK260900012 | B163: SHIP Shipping | C163: Shipped to Customer | D163: 1 | E163: Shipped (40) | F163: 46154.373 | G163: QT17IA14.20 | H163: QTNSN095289A.X11 | I163: =VLOOKUP(G163,Sheet2!A:D,4,0) -> 7 | K163: 46156
A164: YK260900013 | B164: NOT-IN-PROCESS | C164: NOT-IN-PROCESS | D164: 1 | E164: Unit Component (60) | F164: 46153.505 | G164: QT17IA14.20 | H164: QTNSN095289A.X11 | I164: =VLOOKUP(G164,Sheet2!A:D,4,0) -> 7
A165: YK260900014 | B165: NOT-IN-PROCESS | C165: NOT-IN-PROCESS | D165: 1 | E165: Unit Component (60) | F165: 46140.311 | G165: QT17IA14.20 | H165: QTNSN095289A.X11 | I165: =VLOOKUP(G165,Sheet2!A:D,4,0) -> 7
A166: YK260900015 | B166: DBG1 Debug Test | C166: Xfr to Debug Test | D166: 1 | E166: In Repair Hold (29) | F166: 46128.38 | G166: QT17IA14.20 | H166: QTNSN095289A.X11 | I166: =VLOOKUP(G166,Sheet2!A:D,4,0) -> 7
A167: YK260900016 | B167: NOT-IN-PROCESS | C167: NOT-IN-PROCESS | D167: 1 | E167: Unit Component (60) | F167: 46146.277 | G167: QT17IA14.20 | H167: QTNSN095289A.X11 | I167: =VLOOKUP(G167,Sheet2!A:D,4,0) -> 7
A168: YK260900017 | B168: CMP1 Complete | C168: Complete | D168: 1 | E168: Finished (30) | F168: 46139.587 | G168: QT17IA14.20 | H168: QTNSN095289A.X11 | I168: =VLOOKUP(G168,Sheet2!A:D,4,0) -> 7
A169: YK260900018 | B169: SHIP Shipping | C169: Shipped to Customer | D169: 1 | E169: Shipped (40) | F169: 46123.268 | G169: QT17IA14.20 | H169: QTNSN095289A.X11 | I169: =VLOOKUP(G169,Sheet2!A:D,4,0) -> 7 | K169: 46097
A170: YK260900019 | B170: RWK3 Repair Test | C170: Rework-3 | D170: 1 | E170: In Repair (25) | F170: 46148.356 | G170: QT17IA14.20 | H170: QTNSN095289A.X11 | I170: =VLOOKUP(G170,Sheet2!A:D,4,0) -> 7
A171: YK260900020 | B171: NOT-IN-PROCESS | C171: NOT-IN-PROCESS | D171: 1 | E171: Unit Component (60) | F171: 46153.435 | G171: QT17IA14.20 | H171: QTNSN095289A.X11 | I171: =VLOOKUP(G171,Sheet2!A:D,4,0) -> 7
A172: YK260900021 | B172: FUN1 Func Test | C172: Functional Test-1 | D172: 1 | E172: On The Line (20) | F172: 46122.381 | G172: QT17IA14.20 | H172: QTNSN095289A.X11 | I172: =VLOOKUP(G172,Sheet2!A:D,4,0) -> 7
A173: YK260900022 | B173: CMP1 Complete | C173: Complete | D173: 1 | E173: Finished (30) | F173: 46123.559 | G173: QT17IA14.20 | H173: QTNSN095289A.X11 | I173: =VLOOKUP(G173,Sheet2!A:D,4,0) -> 7
A174: YK260900023 | B174: RWK1 Repair Test | C174: Rework-1 | D174: 1 | E174: In Repair (25) | F174: 46134.411 | G174: QT17IA14.20 | H174: QTNSN095289A.X11 | I174: =VLOOKUP(G174,Sheet2!A:D,4,0) -> 7
A175: YK260900024 | B175: CMP1 Complete | C175: Complete | D175: 1 | E175: Finished (30) | F175: 46128.361 | G175: QT17IA14.20 | H175: QTNSN095289A.X11 | I175: =VLOOKUP(G175,Sheet2!A:D,4,0) -> 7
A176: YK260900025 | B176: CMP1 Complete | C176: Complete | D176: 1 | E176: Finished (30) | F176: 46135.443 | G176: QT17IA14.20 | H176: QTNSN095289A.X11 | I176: =VLOOKUP(G176,Sheet2!A:D,4,0) -> 7
A177: YK260900026 | B177: RWK1 Repair Test | C177: Rework-1 | D177: 1 | E177: In Repair (25) | F177: 46134.363 | G177: QT17IA14.20 | H177: QTNSN095289A.X11 | I177: =VLOOKUP(G177,Sheet2!A:D,4,0) -> 7
A178: YK260900027 | B178: FUN1 Func Test | C178: Functional Test-1 | D178: 1 | E178: On The Line (20) | F178: 46122.382 | G178: QT17IA14.20 | H178: QTNSN095289A.X11 | I178: =VLOOKUP(G178,Sheet2!A:D,4,0) -> 7
A179: YK260900028 | B179: CMP1 Complete | C179: Complete | D179: 1 | E179: Finished (30) | F179: 46134.597 | G179: QT17IA14.20 | H179: QTNSN095289A.X11 | I179: =VLOOKUP(G179,Sheet2!A:D,4,0) -> 7
A180: YK260900029 | B180: SHIP Shipping | C180: Shipped to Customer | D180: 1 | E180: Shipped (40) | F180: 46123.268 | G180: QT17IA14.20 | H180: QTNSN095289A.X11 | I180: =VLOOKUP(G180,Sheet2!A:D,4,0) -> 7 | K180: 46097
A181: YK260900030 | B181: SHIP Shipping | C181: Shipped to Customer | D181: 1 | E181: Shipped (40) | F181: 46123.268 | G181: QT17IA14.20 | H181: QTNSN095289A.X11 | I181: =VLOOKUP(G181,Sheet2!A:D,4,0) -> 7 | K181: 46105
A182: YK260900031 | B182: SHIP Shipping | C182: Shipped to Customer | D182: 1 | E182: Shipped (40) | F182: 46123.268 | G182: QT17IA14.20 | H182: QTNSN095289A.X11 | I182: =VLOOKUP(G182,Sheet2!A:D,4,0) -> 7 | K182: 46112
A183: YK260900032 | B183: FUN1 Func Test | C183: Functional Test-1 | D183: 1 | E183: On The Line (20) | F183: 46115.654 | G183: QT17IA14.20 | H183: QTNSN095289A.X11 | I183: =VLOOKUP(G183,Sheet2!A:D,4,0) -> 7
A184: YK260900033 | B184: DBG1 Debug Test | C184: Xfr to Debug Test | D184: 1 | E184: In Repair Hold (29) | F184: 46128.399 | G184: QT17IA14.20 | H184: QTNSN095289A.X11 | I184: =VLOOKUP(G184,Sheet2!A:D,4,0) -> 7
A185: YK260900034 | B185: SHIP Shipping | C185: Shipped to Customer | D185: 1 | E185: Shipped (40) | F185: 46123.268 | G185: QT17IA14.20 | H185: QTNSN095289A.X11 | I185: =VLOOKUP(G185,Sheet2!A:D,4,0) -> 7 | K185: 46105
A186: YK260900035 | B186: DBG1 Debug Test | C186: Xfr to Debug Test | D186: 1 | E186: In Repair Hold (29) | F186: 46128.573 | G186: QT17IA14.20 | H186: QTNSN095289A.X11 | I186: =VLOOKUP(G186,Sheet2!A:D,4,0) -> 7
A187: YK260900036 | B187: RWK3 Repair Test | C187: Rework-3 | D187: 1 | E187: In Repair (25) | F187: 46148.37 | G187: QT17IA14.20 | H187: QTNSN095289A.X11 | I187: =VLOOKUP(G187,Sheet2!A:D,4,0) -> 7
A188: YK260900037 | B188: FUN1 Func Test | C188: Functional Test-1 | D188: 1 | E188: On The Line (20) | F188: 46115.605 | G188: QT17IA14.20 | H188: QTNSN095289A.X11 | I188: =VLOOKUP(G188,Sheet2!A:D,4,0) -> 7
A189: YK260900075 | B189: SHIP Shipping | C189: Shipped to Customer | D189: 1 | E189: Shipped (40) | F189: 46123.268 | G189: QT17IA14.21 | H189: QTNSN095289A.X11 | I189: =VLOOKUP(G189,Sheet2!A:D,4,0) -> 8 | K189: 46097
A190: YK260900076 | B190: NOT-IN-PROCESS | C190: NOT-IN-PROCESS | D190: 1 | E190: Unit Component (60) | F190: 46140.311 | G190: QT17IA14.21 | H190: QTNSN095289A.X11 | I190: =VLOOKUP(G190,Sheet2!A:D,4,0) -> 8
A191: YK260900077 | B191: SHIP Shipping | C191: Shipped to Customer | D191: 1 | E191: Shipped (40) | F191: 46141.297 | G191: QT17IA14.21 | H191: QTNSN095289A.X11 | I191: =VLOOKUP(G191,Sheet2!A:D,4,0) -> 8 | K191: 46141
A192: YK260900078 | B192: SHIP Shipping | C192: Shipped to Customer | D192: 1 | E192: Shipped (40) | F192: 46141.305 | G192: QT17IA14.21 | H192: QTNSN095289A.X11 | I192: =VLOOKUP(G192,Sheet2!A:D,4,0) -> 8 | K192: 46141
A193: YK260900079 | B193: SHIP Shipping | C193: Shipped to Customer | D193: 1 | E193: Shipped (40) | F193: 46141.306 | G193: QT17IA14.21 | H193: QTNSN095289A.X11 | I193: =VLOOKUP(G193,Sheet2!A:D,4,0) -> 8 | K193: 46141
A194: YK260900080 | B194: NOT-IN-PROCESS | C194: NOT-IN-PROCESS | D194: 1 | E194: Unit Component (60) | F194: 46154.266 | G194: QT17IA14.21 | H194: QTNSN095289A.X11 | I194: =VLOOKUP(G194,Sheet2!A:D,4,0) -> 8
A195: YK260900081 | B195: NOT-IN-PROCESS | C195: NOT-IN-PROCESS | D195: 1 | E195: Unit Component (60) | F195: 46154.266 | G195: QT17IA14.21 | H195: QTNSN095289A.X11 | I195: =VLOOKUP(G195,Sheet2!A:D,4,0) -> 8
A196: YK260900082 | B196: FUN1 Func Test | C196: Functional Test-1 | D196: 1 | E196: On The Line (20) | F196: 46122.383 | G196: QT17IA14.21 | H196: QTNSN095289A.X11 | I196: =VLOOKUP(G196,Sheet2!A:D,4,0) -> 8
A197: YK260900083 | B197: SHIP Shipping | C197: Shipped to Customer | D197: 1 | E197: Shipped (40) | F197: 46141.309 | G197: QT17IA14.21 | H197: QTNSN095289A.X11 | I197: =VLOOKUP(G197,Sheet2!A:D,4,0) -> 8 | K197: 46141
A198: YK260900084 | B198: SHIP Shipping | C198: Shipped to Customer | D198: 1 | E198: Shipped (40) | F198: 46123.268 | G198: QT17IA14.21 | H198: QTNSN095289A.X11 | I198: =VLOOKUP(G198,Sheet2!A:D,4,0) -> 8 | K198: 46112
A199: YK260900085 | B199: NOT-IN-PROCESS | C199: NOT-IN-PROCESS | D199: 1 | E199: Unit Component (60) | F199: 46154.404 | G199: QT17IA14.21 | H199: QTNSN095289A.X11 | I199: =VLOOKUP(G199,Sheet2!A:D,4,0) -> 8
A200: YK260900086 | B200: NOT-IN-PROCESS | C200: NOT-IN-PROCESS | D200: 1 | E200: Unit Component (60) | F200: 46150.391 | G200: QT17IA14.21 | H200: QTNSN095289A.X11 | I200: =VLOOKUP(G200,Sheet2!A:D,4,0) -> 8
A201: YK260900087 | B201: NOT-IN-PROCESS | C201: NOT-IN-PROCESS | D201: 1 | E201: Unit Component (60) | F201: 46146.277 | G201: QT17IA14.21 | H201: QTNSN095289A.X11 | I201: =VLOOKUP(G201,Sheet2!A:D,4,0) -> 8
A202: YK260900088 | B202: SHIP Shipping | C202: Shipped to Customer | D202: 1 | E202: Shipped (40) | F202: 46123.268 | G202: QT17IA14.21 | H202: QTNSN095289A.X11 | I202: =VLOOKUP(G202,Sheet2!A:D,4,0) -> 8 | K202: 46112
A203: YK260900089 | B203: DBG1 Debug Test | C203: Xfr to Debug Test | D203: 1 | E203: In Repair Hold (29) | F203: 46128.371 | G203: QT17IA14.21 | H203: QTNSN095289A.X11 | I203: =VLOOKUP(G203,Sheet2!A:D,4,0) -> 8
A204: YK260900090 | B204: NOT-IN-PROCESS | C204: NOT-IN-PROCESS | D204: 1 | E204: Unit Component (60) | F204: 46147.394 | G204: QT17IA14.21 | H204: QTNSN095289A.X11 | I204: =VLOOKUP(G204,Sheet2!A:D,4,0) -> 8
A205: YK260900091 | B205: DBG1 Debug Test | C205: Xfr to Debug Test | D205: 1 | E205: In Repair Hold (29) | F205: 46157.514 | G205: QT17IA14.21 | H205: QTNSN095289A.X11 | I205: =VLOOKUP(G205,Sheet2!A:D,4,0) -> 8
A206: YK260900092 | B206: DBG1 Debug Test | C206: Xfr to Debug Test | D206: 1 | E206: In Repair Hold (29) | F206: 46156.504 | G206: QT17IA14.21 | H206: QTNSN095289A.X11 | I206: =VLOOKUP(G206,Sheet2!A:D,4,0) -> 8
A207: YK260900093 | B207: NOT-IN-PROCESS | C207: NOT-IN-PROCESS | D207: 1 | E207: Unit Component (60) | F207: 46153.505 | G207: QT17IA14.21 | H207: QTNSN095289A.X11 | I207: =VLOOKUP(G207,Sheet2!A:D,4,0) -> 8
A208: YK260900094 | B208: NOT-IN-PROCESS | C208: NOT-IN-PROCESS | D208: 1 | E208: Unit Component (60) | F208: 46150.467 | G208: QT17IA14.21 | H208: QTNSN095289A.X11 | I208: =VLOOKUP(G208,Sheet2!A:D,4,0) -> 8
A209: YK260900095 | B209: NOT-IN-PROCESS | C209: NOT-IN-PROCESS | D209: 1 | E209: Unit Component (60) | F209: 46140.31 | G209: QT17IA14.21 | H209: QTNSN095289A.X11 | I209: =VLOOKUP(G209,Sheet2!A:D,4,0) -> 8
A210: YK260900096 | B210: NOT-IN-PROCESS | C210: NOT-IN-PROCESS | D210: 1 | E210: Unit Component (60) | F210: 46153.505 | G210: QT17IA14.21 | H210: QTNSN095289A.X11 | I210: =VLOOKUP(G210,Sheet2!A:D,4,0) -> 8
A211: YK260900097 | B211: NOT-IN-PROCESS | C211: NOT-IN-PROCESS | D211: 1 | E211: Unit Component (60) | F211: 46154.405 | G211: QT17IA14.21 | H211: QTNSN095289A.X11 | I211: =VLOOKUP(G211,Sheet2!A:D,4,0) -> 8
A212: YK260900098 | B212: NOT-IN-PROCESS | C212: NOT-IN-PROCESS | D212: 1 | E212: Unit Component (60) | F212: 46154.266 | G212: QT17IA14.21 | H212: QTNSN095289A.X11 | I212: =VLOOKUP(G212,Sheet2!A:D,4,0) -> 8
A213: YK260900099 | B213: SHIP Shipping | C213: Shipped to Customer | D213: 1 | E213: Shipped (40) | F213: 46123.268 | G213: QT17IA14.21 | H213: QTNSN095289A.X11 | I213: =VLOOKUP(G213,Sheet2!A:D,4,0) -> 8 | K213: 46097
A214: YK260900100 | B214: SHIP Shipping | C214: Shipped to Customer | D214: 1 | E214: Shipped (40) | F214: 46123.268 | G214: QT17IA14.21 | H214: QTNSN095289A.X11 | I214: =VLOOKUP(G214,Sheet2!A:D,4,0) -> 8 | K214: 46112
A215: YK260900101 | B215: NOT-IN-PROCESS | C215: NOT-IN-PROCESS | D215: 1 | E215: Unit Component (60) | F215: 46157.435 | G215: QT17IA14.21 | H215: QTNSN095289A.X11 | I215: =VLOOKUP(G215,Sheet2!A:D,4,0) -> 8
A216: YK260900102 | B216: NOT-IN-PROCESS | C216: NOT-IN-PROCESS | D216: 1 | E216: Unit Component (60) | F216: 46149.56 | G216: QT17IA14.21 | H216: QTNSN095289A.X11 | I216: =VLOOKUP(G216,Sheet2!A:D,4,0) -> 8
A217: YK260900103 | B217: NOT-IN-PROCESS | C217: NOT-IN-PROCESS | D217: 1 | E217: Unit Component (60) | F217: 46140.311 | G217: QT17IA14.21 | H217: QTNSN095289A.X11 | I217: =VLOOKUP(G217,Sheet2!A:D,4,0) -> 8
A218: YK260900104 | B218: CMP1 Complete | C218: Complete | D218: 1 | E218: Finished (30) | F218: 46123.452 | G218: QT17IA14.21 | H218: QTNSN095289A.X11 | I218: =VLOOKUP(G218,Sheet2!A:D,4,0) -> 8
A219: YK260900105 | B219: NOT-IN-PROCESS | C219: NOT-IN-PROCESS | D219: 1 | E219: Unit Component (60) | F219: 46150.392 | G219: QT17IA14.21 | H219: QTNSN095289A.X11 | I219: =VLOOKUP(G219,Sheet2!A:D,4,0) -> 8
A220: YK260900106 | B220: FUN1 Func Test | C220: Functional Test-1 | D220: 1 | E220: On The Line (20) | F220: 46122.371 | G220: QT17IA14.21 | H220: QTNSN095289A.X11 | I220: =VLOOKUP(G220,Sheet2!A:D,4,0) -> 8
A221: YK260900107 | B221: NOT-IN-PROCESS | C221: NOT-IN-PROCESS | D221: 1 | E221: Unit Component (60) | F221: 46154.265 | G221: QT17IA14.21 | H221: QTNSN095289A.X11 | I221: =VLOOKUP(G221,Sheet2!A:D,4,0) -> 8
A222: YK260900108 | B222: NOT-IN-PROCESS | C222: NOT-IN-PROCESS | D222: 1 | E222: Unit Component (60) | F222: 46153.505 | G222: QT17IA14.21 | H222: QTNSN095289A.X11 | I222: =VLOOKUP(G222,Sheet2!A:D,4,0) -> 8
A223: YK260900109 | B223: DBG1 Debug Test | C223: Xfr to Debug Test | D223: 1 | E223: In Repair Hold (29) | F223: 46128.368 | G223: QT17IA14.21 | H223: QTNSN095289A.X11 | I223: =VLOOKUP(G223,Sheet2!A:D,4,0) -> 8
A224: YK260900110 | B224: FUN1 Func Test | C224: Functional Test-1 | D224: 1 | E224: On The Line (20) | F224: 46122.371 | G224: QT17IA14.21 | H224: QTNSN095289A.X11 | I224: =VLOOKUP(G224,Sheet2!A:D,4,0) -> 8
A225: YK260900111 | B225: NOT-IN-PROCESS | C225: NOT-IN-PROCESS | D225: 1 | E225: Unit Component (60) | F225: 46146.276 | G225: QT17IA14.21 | H225: QTNSN095289A.X11 | I225: =VLOOKUP(G225,Sheet2!A:D,4,0) -> 8
A226: YK260900038 | B226: NOT-IN-PROCESS | C226: NOT-IN-PROCESS | D226: 1 | E226: Unit Component (60) | F226: 46150.323 | G226: QT17IA14.30 | H226: QTNSN095288A.X11 | I226: =VLOOKUP(G226,Sheet2!A:D,4,0) -> 5
... A237: YK260900049 | B237: NOT-IN-PROCESS | C237: NOT-IN-PROCESS | D237: 1 | E237: Unit Component (60) | F237: 46149.367 | G237: QT17IA14.30 | H237: QTNSN095288A.X11 | I237: =VLOOKUP(G237,Sheet2!A:D,4,0) -> 5
A238: YK260900050 | B238: SHIP Shipping | C238: Shipped to Customer | D238: 1 | E238: Shipped (40) | F238: 46123.268 | G238: QT17IA14.30 | H238: QTNSN095288A.X11 | I238: =VLOOKUP(G238,Sheet2!A:D,4,0) -> 5 | K238: 46097
A239: YK260900051 | B239: NOT-IN-PROCESS | C239: NOT-IN-PROCESS | D239: 1 | E239: Unit Component (60) | F239: 46154.405 | G239: QT17IA14.30 | H239: QTNSN095288A.X11 | I239: =VLOOKUP(G239,Sheet2!A:D,4,0) -> 5
A240: YK260900052 | B240: SHIP Shipping | C240: Shipped to Customer | D240: 1 | E240: Shipped (40) | F240: 46123.268 | G240: QT17IA14.30 | H240: QTNSN095288A.X11 | I240: =VLOOKUP(G240,Sheet2!A:D,4,0) -> 5 | K240: 46097
A241: YK260900053 | B241: SHIP Shipping | C241: Shipped to Customer | D241: 1 | E241: Shipped (40) | F241: 46123.268 | G241: QT17IA14.30 | H241: QTNSN095288A.X11 | I241: =VLOOKUP(G241,Sheet2!A:D,4,0) -> 5 | K241: 46097
A242: YK260900054 | B242: 1DBG Debug Test | C242: Debug Test-1 | D242: 1 | E242: In Repair (25) | F242: 46154.548 | G242: QT17IA14.30 | H242: QTNSN095288A.X11 | I242: =VLOOKUP(G242,Sheet2!A:D,4,0) -> 5
A243: YK260900055 | B243: CMP1 Complete | C243: Complete | D243: 1 | E243: Finished (30) | F243: 46146.477 | G243: QT17IA14.30 | H243: QTNSN095288A.X11 | I243: =VLOOKUP(G243,Sheet2!A:D,4,0) -> 5
A244: YK260900056 | B244: NOT-IN-PROCESS | C244: NOT-IN-PROCESS | D244: 1 | E244: Unit Component (60) | F244: 46149.559 | G244: QT17IA14.30 | H244: QTNSN095288A.X11 | I244: =VLOOKUP(G244,Sheet2!A:D,4,0) -> 5
A245: YK260900057 | B245: CMP1 Complete | C245: Complete | D245: 1 | E245: Finished (30) | F245: 46123.516 | G245: QT17IA14.30 | H245: QTNSN095288A.X11 | I245: =VLOOKUP(G245,Sheet2!A:D,4,0) -> 5
A246: YK260900058 | B246: CMP1 Complete | C246: Complete | D246: 1 | E246: Finished (30) | F246: 46123.463 | G246: QT17IA14.30 | H246: QTNSN095288A.X11 | I246: =VLOOKUP(G246,Sheet2!A:D,4,0) -> 5
A247: YK260900059 | B247: NOT-IN-PROCESS | C247: NOT-IN-PROCESS | D247: 1 | E247: Unit Component (60) | F247: 46150.467 | G247: QT17IA14.30 | H247: QTNSN095288A.X11 | I247: =VLOOKUP(G247,Sheet2!A:D,4,0) -> 5
A248: YK260900060 | B248: CMP1 Complete | C248: Complete | D248: 1 | E248: Finished (30) | F248: 46123.459 | G248: QT17IA14.30 | H248: QTNSN095288A.X11 | I248: =VLOOKUP(G248,Sheet2!A:D,4,0) -> 5
A249: YK260900061 | B249: NOT-IN-PROCESS | C249: NOT-IN-PROCESS | D249: 1 | E249: Unit Component (60) | F249: 46147.394 | G249: QT17IA14.30 | H249: QTNSN095288A.X11 | I249: =VLOOKUP(G249,Sheet2!A:D,4,0) -> 5
A250: YK260900062 | B250: SHIP Shipping | C250: Shipped to Customer | D250: 1 | E250: Shipped (40) | F250: 46123.268 | G250: QT17IA14.30 | H250: QTNSN095288A.X11 | I250: =VLOOKUP(G250,Sheet2!A:D,4,0) -> 5 | K250: 46097
A251: YK260900063 | B251: SHIP Shipping | C251: Shipped to Customer | D251: 1 | E251: Shipped (40) | F251: 46123.268 | G251: QT17IA14.30 | H251: QTNSN095288A.X11 | I251: =VLOOKUP(G251,Sheet2!A:D,4,0) -> 5 | K251: 46097
A252: YK260900064 | B252: RWK1 Repair Test | C252: Rework-1 | D252: 1 | E252: In Repair (25) | F252: 46134.438 | G252: QT17IA14.30 | H252: QTNSN095288A.X11 | I252: =VLOOKUP(G252,Sheet2!A:D,4,0) -> 5
A253: YK260900065 | B253: CMP1 Complete | C253: Complete | D253: 1 | E253: Finished (30) | F253: 46127.338 | G253: QT17IA14.30 | H253: QTNSN095288A.X11 | I253: =VLOOKUP(G253,Sheet2!A:D,4,0) -> 5
A254: YK260900066 | B254: CMP1 Complete | C254: Complete | D254: 1 | E254: Finished (30) | F254: 46123.464 | G254: QT17IA14.30 | H254: QTNSN095288A.X11 | I254: =VLOOKUP(G254,Sheet2!A:D,4,0) -> 5
...

Sheet Sheet1
A1: Serial Number | B1: Workstation | C1: Process | D1: Qty | E1: Unit Status | F1: Last Updated | G1: Work order | H1: Part number | I1: Priority | J1: Comments | K1: Shipping date | L1: asdas
A2: YK261900003 | B2: XRAY | C2: XRAY DAGE | D2: 1 | E2: On The Line (20) | F2: 46154.709 | G2: QT19BA11.00 | H2: QTNSN095290A.X02 | I2: 19

Sheet Sheet3
A1: Serial Number | B1: Workstation | C1: Process | D1: Qty | E1: Unit Status | F1: Last Updated | G1: Work order | H1: Part number | I1: Priority | J1: Comments | K1: Shipping date | L1: asdas
A2: YK261900025 | B2: PBAI Inspect | C2: PBA Inspection | D2: 1 | E2: On The Line (20) | F2: 46157.368 | G2: QT19BA11.10 | H2: QTNSN095291A.X02 | I2: 20

Sheet Sheet4
A1: Serial Number | B1: Workstation | C1: Process | D1: Qty | E1: Unit Status | F1: Last Updated | G1: Work order | H1: Part number | I1: Priority | J1: Comments | K1: Shipping date | L1: asdas
A2: YK261900027 | B2: RWK2 Repair Test | C2: Rework-2 | D2: 1 | E2: In Repair (25) | F2: 46157.369 | G2: QT19BA11.10 | H2: QTNSN095291A.X02 | I2: 20
A3: YK261900015 | B3: RWK2 Repair Test | C3: Rework-2 | D3: 1 | E3: In Repair (25) | F3: 46156.595 | G3: QT19BA11.10 | H3: QTNSN095291A.X02 | I3: 20

Sheet Sheet5
A1: Serial Number | B1: Workstation | C1: Process | D1: Qty | E1: Unit Status | F1: Last Updated | G1: Work order | H1: Part number | I1: Priority | J1: Comments | K1: Shipping date | L1: asdas
A2: YK261700038 | B2: CMP1 Complete | C2: Complete | D2: 1 | E2: Finished (30) | F2: 46162.347 | G2: QT17IA24.10 | H2: QTNSN095266A.X12 | I2: 13
A3: YK261700024 | B3: CMP1 Complete | C3: Complete | D3: 1 | E3: Finished (30) | F3: 46162.366 | G3: QT17IA24.10 | H3: QTNSN095266A.X12 | I3: 13
A4: YK261700019 | B4: CMP1 Complete | C4: Complete | D4: 1 | E4: Finished (30) | F4: 46162.322 | G4: QT17IA24.10 | H4: QTNSN095266A.X12 | I4: 13

Sheet Sheet6
A1: Serial Number | B1: Workstation | C1: Process | D1: Qty | E1: Unit Status | F1: Last Updated | G1: Work order | H1: Part number | I1: Priority | J1: Comments | K1: Shipping date | L1: asdas
A2: YK261700041 | B2: FUN1 Func Test | C2: Functional Test-1 | D2: 1 | E2: On The Line (20) | F2: 46162.336 | G2: QT17IA24.10 | H2: QTNSN095266A.X12 | I2: 13
A3: YK261700039 | B3: FUN1 Func Test | C3: Functional Test-1 | D3: 1 | E3: On The Line (20) | F3: 46162.265 | G3: QT17IA24.10 | H3: QTNSN095266A.X12 | I3: 13
A4: YK261700036 | B4: FUN1 Func Test | C4: Functional Test-1 | D4: 1 | E4: On The Line (20) | F4: 46162.249 | G4: QT17IA24.10 | H4: QTNSN095266A.X12 | I4: 13
A5: YK261700032 | B5: FUN1 Func Test | C5: Functional Test-1 | D5: 1 | E5: On The Line (20) | F5: 46162.269 | G5: QT17IA24.10 | H5: QTNSN095266A.X12 | I5: 13
A6: YK261700028 | B6: FUN1 Func Test | C6: Functional Test-1 | D6: 1 | E6: On The Line (20) | F6: 46162.283 | G6: QT17IA24.10 | H6: QTNSN095266A.X12 | I6: 13

Sheet Sheet7
A1: Serial Number | B1: Workstation | C1: Process | D1: Qty | E1: Unit Status | F1: Last Updated | G1: Work order | H1: Part number | I1: Priority | J1: Comments | K1: Shipping date | L1: asdas
A2: YK261700033 | B2: DBG1 Debug Test | C2: Xfr to Debug Test | D2: 1 | E2: In Repair Hold (29) | F2: 46162.371 | G2: QT17IA24.10 | H2: QTNSN095266A.X12 | I2: 13
A3: YK261700031 | B3: DBG1 Debug Test | C3: Xfr to Debug Test | D3: 1 | E3: In Repair Hold (29) | F3: 46162.285 | G3: QT17IA24.10 | H3: QTNSN095266A.X12 | I3: 13
A4: YK261700022 | B4: DBG1 Debug Test | C4: Xfr to Debug Test | D4: 1 | E4: In Repair Hold (29) | F4: 46162.369 | G4: QT17IA24.10 | H4: QTNSN095266A.X12 | I4: 13
A5: YK261700005 | B5: DBG1 Debug Test | C5: Xfr to Debug Test | D5: 1 | E5: In Repair Hold (29) | F5: 46162.275 | G5: QT17IA24.10 | H5: QTNSN095266A.X12 | I5: 13
A6: YK261700002 | B6: DBG1 Debug Test | C6: Xfr to Debug Test | D6: 1 | E6: In Repair Hold (29) | F6: 46162.305 | G6: QT17IA24.10 | H6: QTNSN095266A.X12 | I6: 13

Sheet Sheet8
A1: Serial Number | B1: Workstation | C1: Process | D1: Qty | E1: Unit Status | F1: Last Updated | G1: Work order | H1: Part number | I1: Priority | J1: Comments | K1: Shipping date | L1: asdas | M1: Column1
A2: YK261802240 | B2: RWK2 Repair Test | C2: Rework-2 | D2: 1 | E2: In Repair (25) | F2: 46157.63 | G2: QT17IA15.90 | H2: QTNSN095288A.X12 | I2: 17 | M2: GS07 - "Voids, Pinholes, Blowholes"Ref.Des:Z100
A3: YK261802239 | B3: RWK2 Repair Test | C3: Rework-2 | D3: 1 | E3: In Repair (25) | F3: 46161.351 | G3: QT17IA15.90 | H3: QTNSN095288A.X12 | I3: 17
A4: YK261802237 | B4: RWK2 Repair Test | C4: Rework-2 | D4: 1 | E4: In Repair (25) | F4: 46161.351 | G4: QT17IA15.90 | H4: QTNSN095288A.X12 | I4: 17
A5: YK261802235 | B5: RWK2 Repair Test | C5: Rework-2 | D5: 1 | E5: In Repair (25) | F5: 46161.351 | G5: QT17IA15.90 | H5: QTNSN095288A.X12 | I5: 17
A6: YK261802234 | B6: RWK2 Repair Test | C6: Rework-2 | D6: 1 | E6: In Repair (25) | F6: 46161.287 | G6: QT17IA15.90 | H6: QTNSN095288A.X12 | I6: 17
A7: YK261802233 | B7: RWK2 Repair Test | C7: Rework-2 | D7: 1 | E7: In Repair (25) | F7: 46160.646 | G7: QT17IA15.90 | H7: QTNSN095288A.X12 | I7: 17
A8: YK261802231 | B8: RWK2 Repair Test | C8: Rework-2 | D8: 1 | E8: In Repair (25) | F8: 46160.646 | G8: QT17IA15.90 | H8: QTNSN095288A.X12 | I8: 17
A9: YK261802229 | B9: RWK2 Repair Test | C9: Rework-2 | D9: 1 | E9: In Repair (25) | F9: 46160.646 | G9: QT17IA15.90 | H9: QTNSN095288A.X12 | I9: 17
A10: YK261802228 | B10: RWK2 Repair Test | C10: Rework-2 | D10: 1 | E10: In Repair (25) | F10: 46160.646 | G10: QT17IA15.90 | H10: QTNSN095288A.X12 | I10: 17
A11: YK261802227 | B11: RWK2 Repair Test | C11: Rework-2 | D11: 1 | E11: In Repair (25) | F11: 46157.63 | G11: QT17IA15.90 | H11: QTNSN095288A.X12 | I11: 17
A12: YK261802225 | B12: RWK2 Repair Test | C12: Rework-2 | D12: 1 | E12: In Repair (25) | F12: 46157.533 | G12: QT17IA15.90 | H12: QTNSN095288A.X12 | I12: 17
A13: YK261802224 | B13: RWK2 Repair Test | C13: Rework-2 | D13: 1 | E13: In Repair (25) | F13: 46160.492 | G13: QT17IA15.90 | H13: QTNSN095288A.X12 | I13: 17
A14: YK261802222 | B14: RWK2 Repair Test | C14: Rework-2 | D14: 1 | E14: In Repair (25) | F14: 46160.491 | G14: QT17IA15.90 | H14: QTNSN095288A.X12 | I14: 17
... A40: YK261802183 | B40: RWK2 Repair Test | C40: Rework-2 | D40: 1 | E40: In Repair (25) | F40: 46155.36 | G40: QT17IA15.90 | H40: QTNSN095288A.X12 | I40: 17

Sheet Summary
A1: Row Labels | B1: Work order | C1: Part number | D1: Process | E1: Unit Status | F1: Count of Qty | M1: Actions
A2: 1 | B2: QT17IA14.00 | C2: QTNSN095288A.X03 | D2: NOT-IN-PROCESS | E2: Unit Component (60) | F2: 64 | M2: TRX wrong part- Alvin 19 locations- Nico Working on rework instructions & Route
D3: Shipped to Customer | E3: Shipped (40) | F3: 6 | M3: Doc control to release deviation
A4: 2 | B4: QT17IA14.10 | C4: QTNSN095289A.X03 | D4: NOT-IN-PROCESS | E4: Unit Component (60) | F4: 64
D5: Shipped to Customer | E5: Shipped (40) | F5: 16
A6: 3 | B6: QT17IA23.00 | C6: QTNSN095266A.X02 | D6: NOT-IN-PROCESS | E6: Unit Component (60) | F6: 11
D7: Shipped to Customer | E7: Shipped (40) | F7: 7
D8: Xfr to Debug Test | E8: In Repair Hold (29) | F8: 7
A9: 4 | B9: QT17IA43.00 | C9: QTNSN476757A.X02 | D9: Shipped to Customer | E9: Shipped (40) | F9: 20
A10: 5 | B10: QT17IA14.30 | C10: QTNSN095288A.X11 | D10: Complete | E10: Finished (30) | F10: 13
D11: Functional Test-1 | E11: On The Line (20) | F11: 2
D12: NOT-IN-PROCESS | E12: Unit Component (60) | F12: 11
D13: Shipped to Customer | E13: Shipped (40) | F13: 5
D14: Xfr to Debug Test | E14: In Repair Hold (29) | F14: 2
D15: UNTT | E15: On The Line (20) | F15: 1
D16: Rework-1 | E16: In Repair (25) | F16: 2
D17: Debug Test-1 | E17: In Repair (25) | F17: 1
A18: 6 | B18: QT17IA14.31 | C18: QTNSN095288A.X11 | D18: Complete | E18: Finished (30) | F18: 12
D19: Functional Test-1 | E19: On The Line (20) | F19: 1
D20: NOT-IN-PROCESS | E20: Unit Component (60) | F20: 12
D21: Shipped to Customer | E21: Shipped (40) | F21: 6
D22: Xfr to Debug Test | E22: In Repair Hold (29) | F22: 3
D23: Rework-1 | E23: In Repair (25) | F23: 1
D24: Rework-3 | E24: In Repair (25) | F24: 2
A25: 7 | B25: QT17IA14.20 | C25: QTNSN095289A.X11 | D25: Complete | E25: Finished (30) | F25: 5
D26: Functional Test-1 | E26: On The Line (20) | F26: 5
D27: NOT-IN-PROCESS | E27: Unit Component (60) | F27: 8
D28: Shipped to Customer | E28: Shipped (40) | F28: 9
D29: Xfr to Debug Test | E29: In Repair Hold (29) | F29: 4
D30: Rework-1 | E30: In Repair (25) | F30: 3
D31: Rework-3 | E31: In Repair (25) | F31: 3
A32: 8 | B32: QT17IA14.21 | C32: QTNSN095289A.X11 | D32: Complete | E32: Finished (30) | F32: 1
D33: Functional Test-1 | E33: On The Line (20) | F33: 3
D34: NOT-IN-PROCESS | E34: Unit Component (60) | F34: 20
D35: Shipped to Customer | E35: Shipped (40) | F35: 9
D36: Xfr to Debug Test | E36: In Repair Hold (29) | F36: 4
A37: 9 | B37: QT17IA24.00 | C37: QTNSN095266A.X11 | D37: Complete | E37: Finished (30) | F37: 9 | G37: Parametric data- Hot !!
D38: Functional Test-1 | E38: On The Line (20) | F38: 1
D39: NOT-IN-PROCESS | E39: Unit Component (60) | F39: 15
D40: Shipped to Customer | E40: Shipped (40) | F40: 3
D41: Xfr to Debug Test | E41: In Repair Hold (29) | F41: 1
A42: 10 | B42: QT17IA44.00 | C42: QTNSN476757A.X11 | D42: Shipped to Customer | E42: Shipped (40) | F42: 8
D43: Packout | E43: On The Line (20) | F43: 7
A44: 11 | B44: QT17IA14.50 | C44: QTNSN095288A.X11 | D44: Complete | E44: Finished (30) | F44: 28
D45: Functional Test-1 | E45: On The Line (20) | F45: 47
D46: NOT-IN-PROCESS | E46: Unit Component (60) | F46: 37
D47: Shipped to Customer | E47: Shipped (40) | F47: 5
D48: Xfr to Debug Test | E48: In Repair Hold (29) | F48: 11
D49: Rework-1 | E49: In Repair (25) | F49: 1
D50: PBA Inspection | E50: On The Line (20) | F50: 1
D51: RWK Paired Brd Insp | E51: In Repair Hold (29) | F51: 1
D52: Rework-3 | E52: In Repair (25) | F52: 1
A53: 12 | B53: QT17IA14.40 | C53: QTNSN095289A.X11 | D53: Complete | E53: Finished (30) | F53: 16
D54: Functional Test-1 | E54: On The Line (20) | F54: 47
D55: NOT-IN-PROCESS | E55: Unit Component (60) | F55: 32
D56: Shipped to Customer | E56: Shipped (40) | F56: 1
D57: Assembly 1 - 1B | E57: On The Line Hold (28) | F57: 1
D58: Xfr to Debug Test | E58: In Repair Hold (29) | F58: 4
D59: Rework-2 | E59: In Repair (25) | F59: 31
A60: 13 | B60: QT17IA24.10 | C60: QTNSN095266A.X12 | D60: Complete | E60: Finished (30) | F60: 3
D61: Functional Test-1 | E61: On The Line (20) | F61: 5
D62: Xfr to Debug Test | E62: In Repair Hold (29) | F62: 5
D63: PBA Inspection | E63: On The Line (20) | F63: 1
D64: URetrn Repair-1 | E64: In Repair (25) | F64: 27 | G64: Need Dedicated
A65: 15 | B65: QT19BA22.10A | C65: QTNSN095741A.X01 | D65: NOT-IN-PROCESS | E65: Traveler Printed (15) | F65: 27
A66: 18 | B66: QT17IA15.80 | C66: QTNSN095289A.X12 | D66: Complete | E66: Finished (30) | F66: 50 | G66: Move the boards in 42 Q | H66: Check for Z100 | I66: Dage images
D67: Functional Test-1 | E67: On The Line (20) | F67: 5 | G67: Move the boards in 42 Q
D68: Shipped to Customer | E68: Shipped (40) | F68: 4
D69: Xfr to Debug Test | E69: In Repair Hold (29) | F69: 2 | G69: Move the boards in 42 Q
D70: AOR1 AOI Repair S1 | E70: In Repair (25) | F70: 1 | G70: Move the boards in 42 Q
A71: 17 | B71: QT17IA15.90 | C71: QTNSN095288A.X12 | D71: Functional Test-1 | E71: On The Line (20) | F71: 8 | H71: Dage missing 15.90 | I71: Z100 | J71: Dage images
D72: Rework-2 | E72: In Repair (25) | F72: 39 | G72: Need Dedicated
D73: PBA Inspection | E73: On The Line (20) | F73: 1
D74: AOR1 AOI Repair S1 | E74: In Repair (25) | F74: 13
D75: RWK SMT1 | E75: In Repair (25) | F75: 1
A76: 19 | B76: QT19BA11.00 | C76: QTNSN095290A.X02 | D76: Functional Test-1 | E76: On The Line (20) | F76: 13 | G76: 6 Shipped need to invoice | H76: Dage images-Z100 needs to be on dage | I76: Test | J76: Dage images
D77: XRAY DAGE | E77: On The Line (20) | F77: 1
A78: 20 | B78: QT19BA11.10 | C78: QTNSN095291A.X02 | D78: Functional Test-1 | E78: On The Line (20) | F78: 11 | G78: 6 Shipped need to invoice | H78: Dage images-Z100 needs to be on dage | I78: Test | J78: Dage images
D79: Rework-2 | E79: In Repair (25) | F79: 2 | G79: Move
D80: PBA Inspection | E80: On The Line (20) | F80: 1 | G80: Move
A81: 21 | B81: QT20LA21.00 | C81: QTNSN095286A.X02 | D81: NOT-IN-PROCESS | E81: Traveler Printed (15) | F81: 10 | G81: FAI ??
A82: Grand Total | F82: 881

Sheet Sheet2
A1: Unique id | B1: Part number | C1: Qty | D1: Priority | E1: STI/ Comments
A2: QT17IA14.00 | B2: QTNSN095288A.X03 | C2: 70 | D2: 1 | K2: Mh lot codes to MRB
A3: QT17IA14.10 | B3: QTNSN095289A.X03 | C3: 80 | D3: 2 | K3: Solder paste Qtys
A4: QT17IA23.00 | B4: QTNSN095266A.X02 | C4: 25 | D4: 3
A5: QT17IA43.00 | B5: QTNSN476757A.X02 | C5: 20 | D5: 4
A6: QT17IA14.30 | B6: QTNSN095288A.X11 | C6: 37 | D6: 5 | E6: eSTI PE53499. PE53575 add a note to remove shield and pre-drive, and for 840135A to use X1 version. PE53746 sent 03/13
A7: QT17IA14.31 | B7: QTNSN095288A.X11 | C7: 37 | D7: 6 | E7: eSTI PE53499. PE53575 add a note to remove shield and pre-drive, and for 840135A to use X1 version. PE53684 sent 03/13
A8: QT17IA14.20 | B8: QTNSN095289A.X11 | C8: 37 | D8: 7 | E8: STI PE53554 for 840135A to use X1 version. PE53499, .
A9: QT17IA14.21 | B9: QTNSN095289A.X11 | C9: 37 | D9: 8 | E9: PE53571 for 17IA14.21,add a note to remove shield and pre-driver. Create new eSTI for 17IA14.20 adding the same note. NEW PE53611
A10: QT17IA24.00 | B10: QTNSN095266A.X11 | C10: 29 | D10: 9 | E10: PE53604, PE53707,PE53847
A11: QT17IA44.00 | B11: QTNSN476757A.X11 | C11: 15 | D11: 10 | E11: PE53701
A12: QT17IA14.50 | B12: QTNSN095288A.X11 | C12: 124 | D12: 11 | E12: PE53891
A13: QT17IA14.40 | B13: QTNSN095289A.X11 | C13: 124 | D13: 12 | E13: PE54018
A14: QT17IA24.10 | B14: QTNSN095266A.X12 | C14: 41 | D14: 13 | E14: X12 Bom released - PE54073
A15: QT17IA44.10 | B15: QTNSN476757A.X12 | C15: 30 | D15: 14 | E15: Doc control to load bom 13-May-26
A16: QT19BA22.10A | B16: QTNSN095741A.X02 | C16: 27 | D16: 15 | E16: PE54044, PE54111- Stencil ETA 04/23
A17: QT19BA21.00 | B17: QTNSN095741A.X01 | C17: 10 | D17: 16 | E17: PE54033,PE54110- Stencil ETA 04/23
... A22: QT20LA21.00 | B22: QTNSN095286A.X02 | C22: 10 | D22: 21 | E22: PWB X6 | PE54313 to be cp'd rpleace P7000738 with P67
A23: QT17IA25.30 | B23: QTNSN095266A.X12 | C23: 47 | E23: Kick off today 21-May-26
A24: QT17IA15.60 | B24: QTNSN095289A.X12 | C24: 188 | E24: Kick off today 21-May-26
A25: QT17IA15.70 | B25: QTNSN095288A.X12 | C25: 188 | E25: Kick off today 21-May-26
A26: QT17IA45.30 | B26: QTNSN476757A.X12 | C26: 47
A27: QT17IA45.40 | B27: QTNSN476757A.X12 | C27: 11 | E27: Kick off- ESTI PE54381 - Released Relase work order today | F27: Quote
A28: QT17IA15.95 | B28: QTNSN095289A.X12 | C28: 140 | E28: Stencils , same PWB, STI for Solder paste PE54356- requested to run on the 2oth of May
A29: QT17IA15.96 | B29: QTNSN095288A.X12 | C29: 140 | E29: PE54357- Solder paste STI- Received
A30: QT20LA12.00 | B30: 095290A.X02 | C30: 32
A31: QT20LA12.10 | B31: 095291A.X02 | C31: 32
A32: QT20LA41.00 | B32: 476797A.X11 | C32: 8
