Workbook

Sheet Shop Order
A1: Serial Number | B1: Workstation | C1: Process | D1: Qty | E1: Unit Status | F1: Last Updated | G1: Work order | H1: Part number | I1: Priority | J1: Comments | K1: Shipping date | L1: asdas
A2: YK260300123 | B2: NOT-IN-PROCESS | C2: NOT-IN-PROCESS | D2: 1 | E2: Unit Component (60) | F2: 46065.449 | G2: QT17IA14.00 | H2: QTNSN095288A.X03 | I2: =VLOOKUP(G2,Sheet2!A:D,4,0) -> 1
A3: YK260300124 | B3: NOT-IN-PROCESS | C3: NOT-IN-PROCESS | D3: 1 | E3: Unit Component (60) | F3: 46065.45 | G3: QT17IA14.00 | H3: QTNSN095288A.X03 | I3: =VLOOKUP(G3,Sheet2!A:D,4,0) -> 1
A4: YK260300125 | B4: NOT-IN-PROCESS | C4: NOT-IN-PROCESS | D4: 1 | E4: Unit Component (60) | F4: 46071.552 | G4: QT17IA14.00 | H4: QTNSN095288A.X03 | I4: =VLOOKUP(G4,Sheet2!A:D,4,0) -> 1
A5: YK260300126 | B5: NOT-IN-PROCESS | C5: NOT-IN-PROCESS | D5: 1 | E5: Unit Component (60) | F5: 46072.29 | G5: QT17IA14.00 | H5: QTNSN095288A.X03 | I5: =VLOOKUP(G5,Sheet2!A:D,4,0) -> 1
A6: YK260300127 | B6: NOT-IN-PROCESS | C6: NOT-IN-PROCESS | D6: 1 | E6: Unit Component (60) | F6: 46076.37 | G6: QT17IA14.00 | H6: QTNSN095288A.X03 | I6: =VLOOKUP(G6,Sheet2!A:D,4,0) -> 1
A7: YK260300128 | B7: SHIP Shipping | C7: Shipped to Customer | D7: 1 | E7: Shipped (40) | F7: 46112.311 | G7: QT17IA14.00 | H7: QTNSN095288A.X03 | I7: =VLOOKUP(G7,Sheet2!A:D,4,0) -> 1
A8: YK260300129 | B8: NOT-IN-PROCESS | C8: NOT-IN-PROCESS | D8: 1 | E8: Unit Component (60) | F8: 46065.432 | G8: QT17IA14.00 | H8: QTNSN095288A.X03 | I8: =VLOOKUP(G8,Sheet2!A:D,4,0) -> 1
A9: YK260300130 | B9: NOT-IN-PROCESS | C9: NOT-IN-PROCESS | D9: 1 | E9: Unit Component (60) | F9: 46071.282 | G9: QT17IA14.00 | H9: QTNSN095288A.X03 | I9: =VLOOKUP(G9,Sheet2!A:D,4,0) -> 1
A10: YK260300131 | B10: NOT-IN-PROCESS | C10: NOT-IN-PROCESS | D10: 1 | E10: Unit Component (60) | F10: 46076.374 | G10: QT17IA14.00 | H10: QTNSN095288A.X03 | I10: =VLOOKUP(G10,Sheet2!A:D,4,0) -> 1
A11: YK260300132 | B11: NOT-IN-PROCESS | C11: NOT-IN-PROCESS | D11: 1 | E11: Unit Component (60) | F11: 46065.431 | G11: QT17IA14.00 | H11: QTNSN095288A.X03 | I11: =VLOOKUP(G11,Sheet2!A:D,4,0) -> 1
A12: YK260300133 | B12: NOT-IN-PROCESS | C12: NOT-IN-PROCESS | D12: 1 | E12: Unit Component (60) | F12: 46072.486 | G12: QT17IA14.00 | H12: QTNSN095288A.X03 | I12: =VLOOKUP(G12,Sheet2!A:D,4,0) -> 1
A13: YK260300134 | B13: NOT-IN-PROCESS | C13: NOT-IN-PROCESS | D13: 1 | E13: Unit Component (60) | F13: 46065.449 | G13: QT17IA14.00 | H13: QTNSN095288A.X03 | I13: =VLOOKUP(G13,Sheet2!A:D,4,0) -> 1
... A158: YK260900007 | B158: CMP1 Complete | C158: Complete | D158: 1 | E158: Finished (30) | F158: 46128.412 | G158: QT17IA14.20 | H158: QTNSN095289A.X11 | I158: =VLOOKUP(G158,Sheet2!A:D,4,0) -> 7
A159: YK260900008 | B159: SHIP Shipping | C159: Shipped to Customer | D159: 1 | E159: Shipped (40) | F159: 46123.268 | G159: QT17IA14.20 | H159: QTNSN095289A.X11 | I159: =VLOOKUP(G159,Sheet2!A:D,4,0) -> 7 | K159: 46105
A160: YK260900009 | B160: SHIP Shipping | C160: Shipped to Customer | D160: 1 | E160: Shipped (40) | F160: 46123.268 | G160: QT17IA14.20 | H160: QTNSN095289A.X11 | I160: =VLOOKUP(G160,Sheet2!A:D,4,0) -> 7 | K160: 46105
A161: YK260900010 | B161: CMP1 Complete | C161: Complete | D161: 1 | E161: Finished (30) | F161: 46126.292 | G161: QT17IA14.20 | H161: QTNSN095289A.X11 | I161: =VLOOKUP(G161,Sheet2!A:D,4,0) -> 7
A162: YK260900011 | B162: SHIP Shipping | C162: Shipped to Customer | D162: 1 | E162: Shipped (40) | F162: 46123.268 | G162: QT17IA14.20 | H162: QTNSN095289A.X11 | I162: =VLOOKUP(G162,Sheet2!A:D,4,0) -> 7 | K162: 46105
A163: YK260900012 | B163: CMP1 Complete | C163: Complete | D163: 1 | E163: Finished (30) | F163: 46126.36 | G163: QT17IA14.20 | H163: QTNSN095289A.X11 | I163: =VLOOKUP(G163,Sheet2!A:D,4,0) -> 7
A164: YK260900013 | B164: CMP1 Complete | C164: Complete | D164: 1 | E164: Finished (30) | F164: 46123.559 | G164: QT17IA14.20 | H164: QTNSN095289A.X11 | I164: =VLOOKUP(G164,Sheet2!A:D,4,0) -> 7
A165: YK260900014 | B165: RWK1 Repair Test | C165: Rework-1 | D165: 1 | E165: In Repair (25) | F165: 46134.435 | G165: QT17IA14.20 | H165: QTNSN095289A.X11 | I165: =VLOOKUP(G165,Sheet2!A:D,4,0) -> 7
A166: YK260900015 | B166: DBG1 Debug Test | C166: Xfr to Debug Test | D166: 1 | E166: In Repair Hold (29) | F166: 46128.38 | G166: QT17IA14.20 | H166: QTNSN095289A.X11 | I166: =VLOOKUP(G166,Sheet2!A:D,4,0) -> 7
A167: YK260900016 | B167: CMP1 Complete | C167: Complete | D167: 1 | E167: Finished (30) | F167: 46128.387 | G167: QT17IA14.20 | H167: QTNSN095289A.X11 | I167: =VLOOKUP(G167,Sheet2!A:D,4,0) -> 7
A168: YK260900017 | B168: FUN1 Func Test | C168: Functional Test-1 | D168: 1 | E168: On The Line (20) | F168: 46122.371 | G168: QT17IA14.20 | H168: QTNSN095289A.X11 | I168: =VLOOKUP(G168,Sheet2!A:D,4,0) -> 7
A169: YK260900018 | B169: SHIP Shipping | C169: Shipped to Customer | D169: 1 | E169: Shipped (40) | F169: 46123.268 | G169: QT17IA14.20 | H169: QTNSN095289A.X11 | I169: =VLOOKUP(G169,Sheet2!A:D,4,0) -> 7 | K169: 46097
A170: YK260900019 | B170: CMP1 Complete | C170: Complete | D170: 1 | E170: Finished (30) | F170: 46126.317 | G170: QT17IA14.20 | H170: QTNSN095289A.X11 | I170: =VLOOKUP(G170,Sheet2!A:D,4,0) -> 7
A171: YK260900020 | B171: RWK1 Repair Test | C171: Rework-1 | D171: 1 | E171: In Repair (25) | F171: 46134.424 | G171: QT17IA14.20 | H171: QTNSN095289A.X11 | I171: =VLOOKUP(G171,Sheet2!A:D,4,0) -> 7
A172: YK260900021 | B172: FUN1 Func Test | C172: Functional Test-1 | D172: 1 | E172: On The Line (20) | F172: 46122.381 | G172: QT17IA14.20 | H172: QTNSN095289A.X11 | I172: =VLOOKUP(G172,Sheet2!A:D,4,0) -> 7
A173: YK260900022 | B173: CMP1 Complete | C173: Complete | D173: 1 | E173: Finished (30) | F173: 46123.559 | G173: QT17IA14.20 | H173: QTNSN095289A.X11 | I173: =VLOOKUP(G173,Sheet2!A:D,4,0) -> 7 | J173: Shipped | K173: 46128
A174: YK260900023 | B174: RWK1 Repair Test | C174: Rework-1 | D174: 1 | E174: In Repair (25) | F174: 46134.411 | G174: QT17IA14.20 | H174: QTNSN095289A.X11 | I174: =VLOOKUP(G174,Sheet2!A:D,4,0) -> 7
A175: YK260900024 | B175: CMP1 Complete | C175: Complete | D175: 1 | E175: Finished (30) | F175: 46128.361 | G175: QT17IA14.20 | H175: QTNSN095289A.X11 | I175: =VLOOKUP(G175,Sheet2!A:D,4,0) -> 7
A176: YK260900025 | B176: DBG1 Debug Test | C176: Xfr to Debug Test | D176: 1 | E176: In Repair Hold (29) | F176: 46135.309 | G176: QT17IA14.20 | H176: QTNSN095289A.X11 | I176: =VLOOKUP(G176,Sheet2!A:D,4,0) -> 7
A177: YK260900026 | B177: RWK1 Repair Test | C177: Rework-1 | D177: 1 | E177: In Repair (25) | F177: 46134.363 | G177: QT17IA14.20 | H177: QTNSN095289A.X11 | I177: =VLOOKUP(G177,Sheet2!A:D,4,0) -> 7
A178: YK260900027 | B178: FUN1 Func Test | C178: Functional Test-1 | D178: 1 | E178: On The Line (20) | F178: 46122.382 | G178: QT17IA14.20 | H178: QTNSN095289A.X11 | I178: =VLOOKUP(G178,Sheet2!A:D,4,0) -> 7
A179: YK260900028 | B179: CMP1 Complete | C179: Complete | D179: 1 | E179: Finished (30) | F179: 46134.597 | G179: QT17IA14.20 | H179: QTNSN095289A.X11 | I179: =VLOOKUP(G179,Sheet2!A:D,4,0) -> 7
A180: YK260900029 | B180: SHIP Shipping | C180: Shipped to Customer | D180: 1 | E180: Shipped (40) | F180: 46123.268 | G180: QT17IA14.20 | H180: QTNSN095289A.X11 | I180: =VLOOKUP(G180,Sheet2!A:D,4,0) -> 7 | K180: 46097
A181: YK260900030 | B181: SHIP Shipping | C181: Shipped to Customer | D181: 1 | E181: Shipped (40) | F181: 46123.268 | G181: QT17IA14.20 | H181: QTNSN095289A.X11 | I181: =VLOOKUP(G181,Sheet2!A:D,4,0) -> 7 | K181: 46105
A182: YK260900031 | B182: SHIP Shipping | C182: Shipped to Customer | D182: 1 | E182: Shipped (40) | F182: 46123.268 | G182: QT17IA14.20 | H182: QTNSN095289A.X11 | I182: =VLOOKUP(G182,Sheet2!A:D,4,0) -> 7 | K182: 46112
A183: YK260900032 | B183: FUN1 Func Test | C183: Functional Test-1 | D183: 1 | E183: On The Line (20) | F183: 46115.654 | G183: QT17IA14.20 | H183: QTNSN095289A.X11 | I183: =VLOOKUP(G183,Sheet2!A:D,4,0) -> 7
A184: YK260900033 | B184: DBG1 Debug Test | C184: Xfr to Debug Test | D184: 1 | E184: In Repair Hold (29) | F184: 46128.399 | G184: QT17IA14.20 | H184: QTNSN095289A.X11 | I184: =VLOOKUP(G184,Sheet2!A:D,4,0) -> 7
A185: YK260900034 | B185: SHIP Shipping | C185: Shipped to Customer | D185: 1 | E185: Shipped (40) | F185: 46123.268 | G185: QT17IA14.20 | H185: QTNSN095289A.X11 | I185: =VLOOKUP(G185,Sheet2!A:D,4,0) -> 7 | K185: 46105
A186: YK260900035 | B186: DBG1 Debug Test | C186: Xfr to Debug Test | D186: 1 | E186: In Repair Hold (29) | F186: 46128.573 | G186: QT17IA14.20 | H186: QTNSN095289A.X11 | I186: =VLOOKUP(G186,Sheet2!A:D,4,0) -> 7
A187: YK260900036 | B187: CMP1 Complete | C187: Complete | D187: 1 | E187: Finished (30) | F187: 46135.307 | G187: QT17IA14.20 | H187: QTNSN095289A.X11 | I187: =VLOOKUP(G187,Sheet2!A:D,4,0) -> 7
A188: YK260900037 | B188: FUN1 Func Test | C188: Functional Test-1 | D188: 1 | E188: On The Line (20) | F188: 46115.605 | G188: QT17IA14.20 | H188: QTNSN095289A.X11 | I188: =VLOOKUP(G188,Sheet2!A:D,4,0) -> 7
A189: YK260900075 | B189: SHIP Shipping | C189: Shipped to Customer | D189: 1 | E189: Shipped (40) | F189: 46123.268 | G189: QT17IA14.21 | H189: QTNSN095289A.X11 | I189: =VLOOKUP(G189,Sheet2!A:D,4,0) -> 8 | K189: 46097
A190: YK260900076 | B190: RWK1 Repair Test | C190: Rework-1 | D190: 1 | E190: In Repair (25) | F190: 46134.432 | G190: QT17IA14.21 | H190: QTNSN095289A.X11 | I190: =VLOOKUP(G190,Sheet2!A:D,4,0) -> 8
A191: YK260900077 | B191: RWK1 Repair Test | C191: Rework-1 | D191: 1 | E191: In Repair (25) | F191: 46134.359 | G191: QT17IA14.21 | H191: QTNSN095289A.X11 | I191: =VLOOKUP(G191,Sheet2!A:D,4,0) -> 8
A192: YK260900078 | B192: RWK1 Repair Test | C192: Rework-1 | D192: 1 | E192: In Repair (25) | F192: 46134.409 | G192: QT17IA14.21 | H192: QTNSN095289A.X11 | I192: =VLOOKUP(G192,Sheet2!A:D,4,0) -> 8
A193: YK260900079 | B193: RWK1 Repair Test | C193: Rework-1 | D193: 1 | E193: In Repair (25) | F193: 46134.435 | G193: QT17IA14.21 | H193: QTNSN095289A.X11 | I193: =VLOOKUP(G193,Sheet2!A:D,4,0) -> 8
A194: YK260900080 | B194: RWK1 Repair Test | C194: Rework-1 | D194: 1 | E194: In Repair (25) | F194: 46134.365 | G194: QT17IA14.21 | H194: QTNSN095289A.X11 | I194: =VLOOKUP(G194,Sheet2!A:D,4,0) -> 8
A195: YK260900081 | B195: CMP1 Complete | C195: Complete | D195: 1 | E195: Finished (30) | F195: 46126.349 | G195: QT17IA14.21 | H195: QTNSN095289A.X11 | I195: =VLOOKUP(G195,Sheet2!A:D,4,0) -> 8
A196: YK260900082 | B196: FUN1 Func Test | C196: Functional Test-1 | D196: 1 | E196: On The Line (20) | F196: 46122.383 | G196: QT17IA14.21 | H196: QTNSN095289A.X11 | I196: =VLOOKUP(G196,Sheet2!A:D,4,0) -> 8
A197: YK260900083 | B197: RWK1 Repair Test | C197: Rework-1 | D197: 1 | E197: In Repair (25) | F197: 46134.448 | G197: QT17IA14.21 | H197: QTNSN095289A.X11 | I197: =VLOOKUP(G197,Sheet2!A:D,4,0) -> 8
A198: YK260900084 | B198: SHIP Shipping | C198: Shipped to Customer | D198: 1 | E198: Shipped (40) | F198: 46123.268 | G198: QT17IA14.21 | H198: QTNSN095289A.X11 | I198: =VLOOKUP(G198,Sheet2!A:D,4,0) -> 8 | K198: 46112
A199: YK260900085 | B199: CMP1 Complete | C199: Complete | D199: 1 | E199: Finished (30) | F199: 46126.378 | G199: QT17IA14.21 | H199: QTNSN095289A.X11 | I199: =VLOOKUP(G199,Sheet2!A:D,4,0) -> 8
A200: YK260900086 | B200: FUN1 Func Test | C200: Functional Test-1 | D200: 1 | E200: On The Line (20) | F200: 46135.29 | G200: QT17IA14.21 | H200: QTNSN095289A.X11 | I200: =VLOOKUP(G200,Sheet2!A:D,4,0) -> 8
A201: YK260900087 | B201: RWK1 Repair Test | C201: Rework-1 | D201: 1 | E201: In Repair (25) | F201: 46134.393 | G201: QT17IA14.21 | H201: QTNSN095289A.X11 | I201: =VLOOKUP(G201,Sheet2!A:D,4,0) -> 8
A202: YK260900088 | B202: SHIP Shipping | C202: Shipped to Customer | D202: 1 | E202: Shipped (40) | F202: 46123.268 | G202: QT17IA14.21 | H202: QTNSN095289A.X11 | I202: =VLOOKUP(G202,Sheet2!A:D,4,0) -> 8 | K202: 46112
A203: YK260900089 | B203: DBG1 Debug Test | C203: Xfr to Debug Test | D203: 1 | E203: In Repair Hold (29) | F203: 46128.371 | G203: QT17IA14.21 | H203: QTNSN095289A.X11 | I203: =VLOOKUP(G203,Sheet2!A:D,4,0) -> 8
A204: YK260900090 | B204: RWK1 Repair Test | C204: Rework-1 | D204: 1 | E204: In Repair (25) | F204: 46134.392 | G204: QT17IA14.21 | H204: QTNSN095289A.X11 | I204: =VLOOKUP(G204,Sheet2!A:D,4,0) -> 8
A205: YK260900091 | B205: RWK1 Repair Test | C205: Rework-1 | D205: 1 | E205: In Repair (25) | F205: 46134.446 | G205: QT17IA14.21 | H205: QTNSN095289A.X11 | I205: =VLOOKUP(G205,Sheet2!A:D,4,0) -> 8
A206: YK260900092 | B206: CMP1 Complete | C206: Complete | D206: 1 | E206: Finished (30) | F206: 46126.347 | G206: QT17IA14.21 | H206: QTNSN095289A.X11 | I206: =VLOOKUP(G206,Sheet2!A:D,4,0) -> 8
A207: YK260900093 | B207: RWK1 Repair Test | C207: Rework-1 | D207: 1 | E207: In Repair (25) | F207: 46134.447 | G207: QT17IA14.21 | H207: QTNSN095289A.X11 | I207: =VLOOKUP(G207,Sheet2!A:D,4,0) -> 8
A208: YK260900094 | B208: CMP1 Complete | C208: Complete | D208: 1 | E208: Finished (30) | F208: 46135.319 | G208: QT17IA14.21 | H208: QTNSN095289A.X11 | I208: =VLOOKUP(G208,Sheet2!A:D,4,0) -> 8
A209: YK260900095 | B209: RWK1 Repair Test | C209: Rework-1 | D209: 1 | E209: In Repair (25) | F209: 46134.563 | G209: QT17IA14.21 | H209: QTNSN095289A.X11 | I209: =VLOOKUP(G209,Sheet2!A:D,4,0) -> 8
A210: YK260900096 | B210: RWK1 Repair Test | C210: Rework-1 | D210: 1 | E210: In Repair (25) | F210: 46134.409 | G210: QT17IA14.21 | H210: QTNSN095289A.X11 | I210: =VLOOKUP(G210,Sheet2!A:D,4,0) -> 8
A211: YK260900097 | B211: RWK1 Repair Test | C211: Rework-1 | D211: 1 | E211: In Repair (25) | F211: 46134.411 | G211: QT17IA14.21 | H211: QTNSN095289A.X11 | I211: =VLOOKUP(G211,Sheet2!A:D,4,0) -> 8
A212: YK260900098 | B212: CMP1 Complete | C212: Complete | D212: 1 | E212: Finished (30) | F212: 46126.305 | G212: QT17IA14.21 | H212: QTNSN095289A.X11 | I212: =VLOOKUP(G212,Sheet2!A:D,4,0) -> 8
A213: YK260900099 | B213: SHIP Shipping | C213: Shipped to Customer | D213: 1 | E213: Shipped (40) | F213: 46123.268 | G213: QT17IA14.21 | H213: QTNSN095289A.X11 | I213: =VLOOKUP(G213,Sheet2!A:D,4,0) -> 8 | K213: 46097
A214: YK260900100 | B214: SHIP Shipping | C214: Shipped to Customer | D214: 1 | E214: Shipped (40) | F214: 46123.268 | G214: QT17IA14.21 | H214: QTNSN095289A.X11 | I214: =VLOOKUP(G214,Sheet2!A:D,4,0) -> 8 | K214: 46112
A215: YK260900101 | B215: CMP1 Complete | C215: Complete | D215: 1 | E215: Finished (30) | F215: 46126.367 | G215: QT17IA14.21 | H215: QTNSN095289A.X11 | I215: =VLOOKUP(G215,Sheet2!A:D,4,0) -> 8
A216: YK260900102 | B216: CMP1 Complete | C216: Complete | D216: 1 | E216: Finished (30) | F216: 46135.313 | G216: QT17IA14.21 | H216: QTNSN095289A.X11 | I216: =VLOOKUP(G216,Sheet2!A:D,4,0) -> 8
A217: YK260900103 | B217: RWK1 Repair Test | C217: Rework-1 | D217: 1 | E217: In Repair (25) | F217: 46134.436 | G217: QT17IA14.21 | H217: QTNSN095289A.X11 | I217: =VLOOKUP(G217,Sheet2!A:D,4,0) -> 8
A218: YK260900104 | B218: CMP1 Complete | C218: Complete | D218: 1 | E218: Finished (30) | F218: 46123.452 | G218: QT17IA14.21 | H218: QTNSN095289A.X11 | I218: =VLOOKUP(G218,Sheet2!A:D,4,0) -> 8 | J218: Shipped | K218: 46128
A219: YK260900105 | B219: CMP1 Complete | C219: Complete | D219: 1 | E219: Finished (30) | F219: 46123.559 | G219: QT17IA14.21 | H219: QTNSN095289A.X11 | I219: =VLOOKUP(G219,Sheet2!A:D,4,0) -> 8
A220: YK260900106 | B220: FUN1 Func Test | C220: Functional Test-1 | D220: 1 | E220: On The Line (20) | F220: 46122.371 | G220: QT17IA14.21 | H220: QTNSN095289A.X11 | I220: =VLOOKUP(G220,Sheet2!A:D,4,0) -> 8
A221: YK260900107 | B221: RWK1 Repair Test | C221: Rework-1 | D221: 1 | E221: In Repair (25) | F221: 46134.357 | G221: QT17IA14.21 | H221: QTNSN095289A.X11 | I221: =VLOOKUP(G221,Sheet2!A:D,4,0) -> 8
A222: YK260900108 | B222: CMP1 Complete | C222: Complete | D222: 1 | E222: Finished (30) | F222: 46126.353 | G222: QT17IA14.21 | H222: QTNSN095289A.X11 | I222: =VLOOKUP(G222,Sheet2!A:D,4,0) -> 8
A223: YK260900109 | B223: DBG1 Debug Test | C223: Xfr to Debug Test | D223: 1 | E223: In Repair Hold (29) | F223: 46128.368 | G223: QT17IA14.21 | H223: QTNSN095289A.X11 | I223: =VLOOKUP(G223,Sheet2!A:D,4,0) -> 8
A224: YK260900110 | B224: FUN1 Func Test | C224: Functional Test-1 | D224: 1 | E224: On The Line (20) | F224: 46122.371 | G224: QT17IA14.21 | H224: QTNSN095289A.X11 | I224: =VLOOKUP(G224,Sheet2!A:D,4,0) -> 8
A225: YK260900111 | B225: RWK1 Repair Test | C225: Rework-1 | D225: 1 | E225: In Repair (25) | F225: 46134.39 | G225: QT17IA14.21 | H225: QTNSN095289A.X11 | I225: =VLOOKUP(G225,Sheet2!A:D,4,0) -> 8
A226: YK260900038 | B226: CMP1 Complete | C226: Complete | D226: 1 | E226: Finished (30) | F226: 46125.546 | G226: QT17IA14.30 | H226: QTNSN095288A.X11 | I226: =VLOOKUP(G226,Sheet2!A:D,4,0) -> 5
A227: YK260900039 | B227: CMP1 Complete | C227: Complete | D227: 1 | E227: Finished (30) | F227: 46127.509 | G227: QT17IA14.30 | H227: QTNSN095288A.X11 | I227: =VLOOKUP(G227,Sheet2!A:D,4,0) -> 5
A228: YK260900040 | B228: CMP1 Complete | C228: Complete | D228: 1 | E228: Finished (30) | F228: 46125.38 | G228: QT17IA14.30 | H228: QTNSN095288A.X11 | I228: =VLOOKUP(G228,Sheet2!A:D,4,0) -> 5
A229: YK260900041 | B229: CMP1 Complete | C229: Complete | D229: 1 | E229: Finished (30) | F229: 46125.546 | G229: QT17IA14.30 | H229: QTNSN095288A.X11 | I229: =VLOOKUP(G229,Sheet2!A:D,4,0) -> 5
A230: YK260900042 | B230: CMP1 Complete | C230: Complete | D230: 1 | E230: Finished (30) | F230: 46125.598 | G230: QT17IA14.30 | H230: QTNSN095288A.X11 | I230: =VLOOKUP(G230,Sheet2!A:D,4,0) -> 5
... A237: YK260900049 | B237: CMP1 Complete | C237: Complete | D237: 1 | E237: Finished (30) | F237: 46127.321 | G237: QT17IA14.30 | H237: QTNSN095288A.X11 | I237: =VLOOKUP(G237,Sheet2!A:D,4,0) -> 5
A238: YK260900050 | B238: SHIP Shipping | C238: Shipped to Customer | D238: 1 | E238: Shipped (40) | F238: 46123.268 | G238: QT17IA14.30 | H238: QTNSN095288A.X11 | I238: =VLOOKUP(G238,Sheet2!A:D,4,0) -> 5 | K238: 46097
A239: YK260900051 | B239: RWK1 Repair Test | C239: Rework-1 | D239: 1 | E239: In Repair (25) | F239: 46134.445 | G239: QT17IA14.30 | H239: QTNSN095288A.X11 | I239: =VLOOKUP(G239,Sheet2!A:D,4,0) -> 5
A240: YK260900052 | B240: SHIP Shipping | C240: Shipped to Customer | D240: 1 | E240: Shipped (40) | F240: 46123.268 | G240: QT17IA14.30 | H240: QTNSN095288A.X11 | I240: =VLOOKUP(G240,Sheet2!A:D,4,0) -> 5 | K240: 46097
A241: YK260900053 | B241: SHIP Shipping | C241: Shipped to Customer | D241: 1 | E241: Shipped (40) | F241: 46123.268 | G241: QT17IA14.30 | H241: QTNSN095288A.X11 | I241: =VLOOKUP(G241,Sheet2!A:D,4,0) -> 5 | K241: 46097
A242: YK260900054 | B242: RWK1 Repair Test | C242: Rework-1 | D242: 1 | E242: In Repair (25) | F242: 46134.442 | G242: QT17IA14.30 | H242: QTNSN095288A.X11 | I242: =VLOOKUP(G242,Sheet2!A:D,4,0) -> 5
A243: YK260900055 | B243: CMP1 Complete | C243: Complete | D243: 1 | E243: Finished (30) | F243: 46123.516 | G243: QT17IA14.30 | H243: QTNSN095288A.X11 | I243: =VLOOKUP(G243,Sheet2!A:D,4,0) -> 5
A244: YK260900056 | B244: CMP1 Complete | C244: Complete | D244: 1 | E244: Finished (30) | F244: 46123.462 | G244: QT17IA14.30 | H244: QTNSN095288A.X11 | I244: =VLOOKUP(G244,Sheet2!A:D,4,0) -> 5
A245: YK260900057 | B245: CMP1 Complete | C245: Complete | D245: 1 | E245: Finished (30) | F245: 46123.516 | G245: QT17IA14.30 | H245: QTNSN095288A.X11 | I245: =VLOOKUP(G245,Sheet2!A:D,4,0) -> 5
A246: YK260900058 | B246: CMP1 Complete | C246: Complete | D246: 1 | E246: Finished (30) | F246: 46123.463 | G246: QT17IA14.30 | H246: QTNSN095288A.X11 | I246: =VLOOKUP(G246,Sheet2!A:D,4,0) -> 5
A247: YK260900059 | B247: RWK1 Repair Test | C247: Rework-1 | D247: 1 | E247: In Repair (25) | F247: 46134.449 | G247: QT17IA14.30 | H247: QTNSN095288A.X11 | I247: =VLOOKUP(G247,Sheet2!A:D,4,0) -> 5
A248: YK260900060 | B248: CMP1 Complete | C248: Complete | D248: 1 | E248: Finished (30) | F248: 46123.459 | G248: QT17IA14.30 | H248: QTNSN095288A.X11 | I248: =VLOOKUP(G248,Sheet2!A:D,4,0) -> 5
A249: YK260900061 | B249: CMP1 Complete | C249: Complete | D249: 1 | E249: Finished (30) | F249: 46123.464 | G249: QT17IA14.30 | H249: QTNSN095288A.X11 | I249: =VLOOKUP(G249,Sheet2!A:D,4,0) -> 5
A250: YK260900062 | B250: SHIP Shipping | C250: Shipped to Customer | D250: 1 | E250: Shipped (40) | F250: 46123.268 | G250: QT17IA14.30 | H250: QTNSN095288A.X11 | I250: =VLOOKUP(G250,Sheet2!A:D,4,0) -> 5 | K250: 46097
...

Sheet Summary
A1: Row Labels | B1: Work order | C1: Part number | D1: Process | E1: Unit Status | F1: Count of Qty
A2: 1 | B2: QT17IA14.00 | C2: QTNSN095288A.X03 | D2: NOT-IN-PROCESS | E2: Unit Component (60) | F2: 64
D3: Shipped to Customer | E3: Shipped (40) | F3: 5
D4: Xfr to Debug Test | E4: In Repair Hold (29) | F4: 1
A5: 2 | B5: QT17IA14.10 | C5: QTNSN095289A.X03 | D5: NOT-IN-PROCESS | E5: Unit Component (60) | F5: 64
D6: Shipped to Customer | E6: Shipped (40) | F6: 16
A7: 3 | B7: QT17IA23.00 | C7: QTNSN095266A.X02 | D7: NOT-IN-PROCESS | E7: Unit Component (60) | F7: 11
D8: Shipped to Customer | E8: Shipped (40) | F8: 7
D9: Xfr to Debug Test | E9: In Repair Hold (29) | F9: 7
A10: 4 | B10: QT17IA43.00 | C10: QTNSN476757A.X02 | D10: Shipped to Customer | E10: Shipped (40) | F10: 20
A11: 5 | B11: QT17IA14.30 | C11: QTNSN095288A.X11 | D11: Complete | E11: Finished (30) | F11: 24
D12: Functional Test-1 | E12: On The Line (20) | F12: 2
D13: Shipped to Customer | E13: Shipped (40) | F13: 5
D14: Rework-1 | E14: In Repair (25) | F14: 6
A15: 6 | B15: QT17IA14.31 | C15: QTNSN095288A.X11 | D15: Complete | E15: Finished (30) | F15: 24
D16: Functional Test-1 | E16: On The Line (20) | F16: 2
D17: Shipped to Customer | E17: Shipped (40) | F17: 4
D18: Xfr to Debug Test | E18: In Repair Hold (29) | F18: 1
D19: Rework-1 | E19: In Repair (25) | F19: 6
A20: 7 | B20: QT17IA14.20 | C20: QTNSN095289A.X11 | D20: Complete | E20: Finished (30) | F20: 13
D21: Functional Test-1 | E21: On The Line (20) | F21: 6
D22: Shipped to Customer | E22: Shipped (40) | F22: 8
D23: Xfr to Debug Test | E23: In Repair Hold (29) | F23: 5
D24: Rework-1 | E24: In Repair (25) | F24: 5
A25: 8 | B25: QT17IA14.21 | C25: QTNSN095289A.X11 | D25: Complete | E25: Finished (30) | F25: 10
D26: Functional Test-1 | E26: On The Line (20) | F26: 4
D27: Shipped to Customer | E27: Shipped (40) | F27: 5
D28: Xfr to Debug Test | E28: In Repair Hold (29) | F28: 2
D29: Rework-1 | E29: In Repair (25) | F29: 16
A30: 9 | B30: QT17IA24.00 | C30: QTNSN095266A.X11 | D30: Complete | E30: Finished (30) | F30: 7
D31: Functional Test-1 | E31: On The Line (20) | F31: 3
D32: NOT-IN-PROCESS | E32: Unit Component (60) | F32: 5
D33: Shipped to Customer | E33: Shipped (40) | F33: 2
D34: Assembly 1 - 1B | E34: On The Line (20) | F34: 1
D35: Xfr to Debug Test | E35: In Repair Hold (29) | F35: 1
D36: 5DX | E36: On The Line (20) | F36: 1
D37: AOR1 AOI Repair S1 | E37: In Repair (25) | F37: 1
D38: Rework-1 | E38: In Repair (25) | F38: 1
D39: PBA Inspection | E39: On The Line (20) | F39: 4
D40: RWK Paired Brd Insp | E40: In Repair Hold (29) | F40: 1
D41: RWK 5DX | E41: In Repair (25) | F41: 2
A42: 10 | B42: QT17IA44.00 | C42: QTNSN476757A.X11 | D42: Complete | E42: Finished (30) | F42: 1
D43: NOT-IN-PROCESS | E43: Traveler Printed (15) | F43: 10
D44: Assembly 1 - 1B | E44: On The Line Hold (28) | F44: 1
D45: UNTT | E45: On The Line (20) | F45: 3
A46: 11 | B46: QT17IA14.50 | C46: QTNSN095288A.X11 | D46: Complete | E46: Finished (30) | F46: 48
D47: Functional Test-1 | E47: On The Line (20) | F47: 54
D48: Shipped to Customer | E48: Shipped (40) | F48: 5
D49: Xfr to Debug Test | E49: In Repair Hold (29) | F49: 5
D50: Rework-1 | E50: In Repair (25) | F50: 3
D51: PBA Inspection | E51: On The Line (20) | F51: 17
A52: 12 | B52: QT17IA14.40 | C52: QTNSN095289A.X11 | D52: 5DX | E52: On The Line (20) | F52: 10
D53: Rework-2 | E53: In Repair (25) | F53: 10
D54: XRAY DAGE | E54: On The Line (20) | F54: 98
D55: PBA Inspection | E55: On The Line (20) | F55: 14
A56: 13 | B56: QT17IA24.10 | C56: QTNSN095266A.X12 | D56: NOT-IN-PROCESS | E56: Traveler Printed (15) | F56: 41
A57: 15 | B57: QT19BA21.00 | C57: QTNSN095741A.X01 | D57: NOT-IN-PROCESS | E57: Traveler Printed (15) | F57: 10
A58: 16 | B58: QT19BA22.10A | C58: QTNSN095741A.X01 | D58: NOT-IN-PROCESS | E58: Traveler Printed (15) | F58: 27
A59: Grand Total | F59: 729

Sheet Sheet2
A1: Unique id | B1: Part number | C1: Qty | D1: Priority | E1: STI
A2: QT17IA14.00 | B2: QTNSN095288A.X03 | C2: 70 | D2: 1
A3: QT17IA14.10 | B3: QTNSN095289A.X03 | C3: 80 | D3: 2
A4: QT17IA23.00 | B4: QTNSN095266A.X02 | C4: 25 | D4: 3
A5: QT17IA43.00 | B5: QTNSN476757A.X02 | C5: 20 | D5: 4 | K5: Electrical Plans required for the testers
A6: QT17IA14.30 | B6: QTNSN095288A.X11 | C6: 37 | D6: 5 | E6: eSTI PE53499. PE53575 add a note to remove shield and pre-drive, and for 840135A to use X1 version. PE53746 sent 03/13 | K6: Layout Plan- Sebastian
A7: QT17IA14.31 | B7: QTNSN095288A.X11 | C7: 37 | D7: 6 | E7: eSTI PE53499. PE53575 add a note to remove shield and pre-drive, and for 840135A to use X1 version. PE53684 sent 03/13
A8: QT17IA14.20 | B8: QTNSN095289A.X11 | C8: 37 | D8: 7 | E8: STI PE53554 for 840135A to use X1 version. PE53499, .
A9: QT17IA14.21 | B9: QTNSN095289A.X11 | C9: 37 | D9: 8 | E9: PE53571 for 17IA14.21,add a note to remove shield and pre-driver. Create new eSTI for 17IA14.20 adding the same note. NEW PE53611
A10: QT17IA24.00 | B10: QTNSN095266A.X11 | C10: 29 | D10: 9 | E10: PE53604, PE53707,PE53847
A11: QT17IA44.00 | B11: QTNSN476757A.X11 | C11: 15 | D11: 10 | E11: PE53701
A12: QT17IA14.50 | B12: QTNSN095288A.X11 | C12: 124 | D12: 11 | E12: PE53891
A13: QT17IA14.40 | B13: QTNSN095289A.X11 | C13: 124 | D13: 12 | E13: STI To be released
A14: QT17IA24.10 | B14: QTNSN095266A.X12 | C14: 41 | D14: 13 | E14: X12 Bom released - PE54073
A15: QT17IA44.10 | B15: QTNSN476757A.X11 | C15: 30 | D15: 14 | E15: STI To be released | F15: Quote
A16: QT19BA21.00 | B16: QTNSN095741A.X01 | C16: 10 | D16: 15 | E16: PE54033,PE54110- Stencil ETA 04/23 | F16: Quote sent
A17: QT19BA22.10A | B17: QTNSN095741A.X02 | C17: 27 | D17: 16 | E17: PE54044, PE54111- Stencil ETA 04/23 | F17: Quote sent | K17: New WI for PA and RRRH-Pe54041
A18: QT17IA15.90 | B18: QTNSN095288A.X12 | C18: 62 | D18: 17 | E18: New PWB- Order 2 sets of stencils- new profile board needed - New profile needed - Need STI- Stencil 04/23 | F18: Release WO
A19: QT17IA15.80 | B19: QTNSN095289A.X12 | C19: 62 | D19: 18 | E19: New PWB- Order 2 sets of stencils- new profile board needed - New profile needed - Need STI- Checkplots being worked | F19: Release WO
A20: QT19B11.00 | B20: 095290A.X02 | C20: 14 | E20: Stencils due on the 27- Apr- | F20: Release WO | G20: Last part due on the 28th
A21: QT19B11.10 | B21: 095291A.X02 | C21: 14 | E21: Stencils due on the 27-Apr | F21: Release WO | G21: PCB due 05/06

Sheet Sheet5
A1: Work order
A2: QT17IA14.20 | C2: =CONCATENATE(A2,",",A3,",",A4,",",A5,",",A6,",",A7) -> QT17IA14.20,QT17IA14.21,QT17IA14.30,QT17IA14.31,QT17IA14.40,QT17IA14.50
A3: QT17IA14.21
A4: QT17IA14.30
A5: QT17IA14.31
A6: QT17IA14.40
A7: QT17IA14.50
